id,first_name,last_name,email,gender,ip_address,date,country,is_valid_ip,datetime
1,Barthel,Kittel,bkittel0@printfriendly.com,Male,130.187.82.195,06/05/2018,France,1,2018-06-05
2,Loy,Drain,ldrain1@earthlink.net,Male,218.176.26.2,23/02/2018,Philippines,1,2018-02-23
3,Wilhelm,Bacchus,wbacchus2@1688.com,Male,50.76.199.147,27/08/2018,China,1,2018-08-27
4,Megen,Paynton,mpaynton3@marriott.com,Female,38.166.3.43,21/11/2017,China,1,2017-11-21
5,Helli,Gaylard,hgaylard4@apple.com,Female,76.167.186.208,23/10/2017,China,1,2017-10-23
6,Adriane,Revens,arevens5@webeden.co.uk,Female,67.154.2.52,25/05/2018,Bolivia,1,2018-05-25
7,Ginger,Yakubowicz,gyakubowicz6@fda.gov,Female,233.164.253.51,01/07/2018,China,1,2018-01-07
8,Teador,Linturn,tlinturn7@illinois.edu,Male,172.131.27.254,19/11/2017,China,1,2017-11-19
9,Sophi,Attwood,sattwood8@npr.org,Female,17.66.165.124,23/10/2017,Philippines,1,2017-10-23
10,Florenza,Kilcoyne,fkilcoyne9@themeforest.net,Female,166.50.103.157,18/02/2018,Indonesia,1,2018-02-18
11,Shayne,Hablet,shableta@flickr.com,Female,164.150.96.188,24/02/2018,Sweden,1,2018-02-24
12,Dominique,Emmatt,demmattb@discovery.com,Male,254.214.100.96,19/05/2018,France,1,2018-05-19
13,Imojean,Yakubovics,iyakubovicsc@ning.com,Female,116.33.62.11,17/10/2017,China,1,2017-10-17
14,Sibel,Tomenson,stomensond@marketwatch.com,Female,155.92.9.153,10/01/2018,Indonesia,1,2018-10-01
15,Jillayne,Larrett,jlarrette@delicious.com,Female,243.247.23.210,14/08/2018,China,1,2018-08-14
16,Pascale,Gateland,pgatelandf@alibaba.com,Male,205.62.65.138,22/05/2018,Germany,1,2018-05-22
17,Lucina,Ginger,lgingerg@hatena.ne.jp,Female,167.255.112.251,03/08/2018,Peru,1,2018-03-08
18,Gladys,Briamo,gbriamoh@sciencedirect.com,Female,41.105.86.123,13/10/2017,Bulgaria,1,2017-10-13
19,Hardy,Shalliker,hshallikeri@nba.com,Male,202.158.91.49,09/12/2017,Belarus,1,2017-09-12
20,Jesse,Bitcheno,jbitchenoj@furl.net,Male,54.129.117.135,09/02/2018,Sweden,1,2018-09-02
21,Bernard,Lubomirski,blubomirskik@cyberchimps.com,Male,147.32.73.47,19/07/2018,Niger,1,2018-07-19
22,Hildegaard,Langthorn,hlangthornl@aol.com,Female,78.117.19.48,12/12/2017,China,1,2017-12-12
23,Ambrose,Dopson,adopsonm@virginia.edu,Male,43.215.207.183,06/08/2018,Peru,1,2018-06-08
24,Thedric,Lippitt,tlippittn@phpbb.com,Male,67.142.181.48,09/03/2018,Indonesia,1,2018-09-03
25,Federica,Deadman,fdeadmano@deviantart.com,Female,55.250.45.201,15/07/2018,Ethiopia,1,2018-07-15
26,Allan,Oriel,aorielp@163.com,Male,224.91.226.198,28/12/2017,Armenia,1,2017-12-28
27,Shaw,Harbard,sharbardq@flavors.me,Male,73.253.236.124,11/12/2017,Moldova,1,2017-11-12
28,Modesty,Leaning,mleaningr@phpbb.com,Female,199.106.215.182,02/12/2017,United States,1,2017-02-12
29,Nevin,Starmore,nstarmores@webnode.com,Male,148.159.12.195,09/09/2018,Tajikistan,1,2018-09-09
30,Denise,Eefting,deeftingt@miibeian.gov.cn,Female,25.248.188.170,25/01/2018,Indonesia,1,2018-01-25
31,Urbain,Rochford,urochfordu@dagondesign.com,Male,134.172.28.101,20/01/2018,China,1,2018-01-20
32,Larine,Blouet,lblouetv@usda.gov,Female,87.77.36.47,30/06/2018,Portugal,1,2018-06-30
33,Dane,Hazeltine,dhazeltinew@oracle.com,Male,36.211.63.60,29/09/2017,Saudi Arabia,1,2017-09-29
34,Cord,McCleod,cmccleodx@accuweather.com,Male,227.121.10.143,01/09/2018,Philippines,1,2018-01-09
35,Kimmy,Kermode,kkermodey@tinyurl.com,Female,111.218.138.2,20/12/2017,Poland,1,2017-12-20
36,Abraham,Bossons,abossonsz@jalbum.net,Male,29.234.122.37,03/04/2018,Ukraine,1,2018-03-04
37,Eyde,Densun,edensun10@networksolutions.com,Female,126.207.86.74,18/03/2018,Japan,1,2018-03-18
38,Debor,Addekin,daddekin11@utexas.edu,Female,129.183.61.9,22/06/2018,Indonesia,1,2018-06-22
39,Currey,Wright,cwright12@ehow.com,Male,28.32.80.224,02/11/2017,Azerbaijan,1,2017-02-11
40,Antons,Bullier,abullier13@mit.edu,Male,136.251.243.49,21/05/2018,Greece,1,2018-05-21
41,Aleece,Thwaites,athwaites14@cornell.edu,Female,99.161.125.20,16/05/2018,Thailand,1,2018-05-16
42,Ricki,Bigadike,rbigadike15@zdnet.com,Male,249.230.151.101,22/01/2018,China,1,2018-01-22
43,Carmella,Juorio,cjuorio16@cnn.com,Female,136.70.231.106,08/04/2018,Russia,1,2018-08-04
44,Franni,Haldenby,fhaldenby17@discuz.net,Female,158.179.74.13,25/12/2017,Portugal,1,2017-12-25
45,Austin,Paddemore,apaddemore18@gnu.org,Male,240.209.64.8,02/10/2017,Colombia,1,2017-02-10
46,Gilligan,Milbourne,gmilbourne19@jugem.jp,Female,43.149.122.153,21/08/2018,Russia,1,2018-08-21
47,Dora,Edelmann,dedelmann1a@dailymail.co.uk,Female,83.198.151.23,23/09/2018,China,1,2018-09-23
48,Rafaelita,Rickeard,rrickeard1b@mayoclinic.com,Female,224.33.116.109,28/11/2017,Bosnia and Herzegovina,1,2017-11-28
49,Olivero,Micklem,omicklem1c@wisc.edu,Male,180.166.249.30,09/07/2018,Brazil,1,2018-09-07
50,Francesco,Hallan,fhallan1d@furl.net,Male,120.135.199.129,10/07/2018,China,1,2018-10-07
51,Ermentrude,Semper,esemper1e@multiply.com,Female,255.63.18.49,25/10/2017,Ukraine,1,2017-10-25
52,Vania,Petrowsky,vpetrowsky1f@pinterest.com,Female,222.169.140.34,11/12/2017,China,1,2017-11-12
53,Jaimie,Cowx,jcowx1g@parallels.com,Male,223.61.128.187,20/01/2018,China,1,2018-01-20
54,Amata,Flack,aflack1h@istockphoto.com,Female,52.114.69.72,31/03/2018,United States,1,2018-03-31
55,Steve,Georgins,sgeorgins1i@businessweek.com,Male,92.220.102.224,22/03/2018,China,1,2018-03-22
56,Marget,Diver,mdiver1j@sourceforge.net,Female,101.208.165.171,11/06/2018,China,1,2018-11-06
57,Steffen,Ketch,sketch1k@wiley.com,Male,185.198.137.123,25/04/2018,Poland,1,2018-04-25
58,Ibrahim,Sellars,isellars1l@sciencedaily.com,Male,110.54.161.128,23/01/2018,Bulgaria,1,2018-01-23
59,Donnell,Belchamp,dbelchamp1m@omniture.com,Male,125.44.91.201,13/08/2018,Peru,1,2018-08-13
60,Piggy,Amor,pamor1n@zimbio.com,Male,255.108.207.98,29/09/2017,Bulgaria,1,2017-09-29
61,Kendal,Klimpt,kklimpt1o@sphinn.com,Male,177.119.82.16,18/04/2018,Indonesia,1,2018-04-18
62,Adolphus,Ofen,aofen1p@fc2.com,Male,36.164.158.231,24/01/2018,China,1,2018-01-24
63,Dario,Crawcour,dcrawcour1q@wikia.com,Male,252.166.111.93,09/12/2017,China,1,2017-09-12
64,Jens,Baybutt,jbaybutt1r@last.fm,Male,89.251.20.24,11/11/2017,Portugal,1,2017-11-11
65,Mal,Silverman,msilverman1s@nyu.edu,Male,16.9.192.243,26/11/2017,Russia,1,2017-11-26
66,Shae,Penrith,spenrith1t@google.de,Female,67.238.128.105,08/04/2018,China,1,2018-08-04
67,Carlynne,Ahearne,cahearne1u@spotify.com,Female,171.120.180.207,17/08/2018,Canada,1,2018-08-17
68,Roma,Rucklesse,rrucklesse1v@shareasale.com,Male,22.60.184.201,20/11/2017,China,1,2017-11-20
69,Dru,Emett,demett1w@macromedia.com,Male,202.149.191.108,22/09/2018,Indonesia,1,2018-09-22
70,Kellia,Tween,ktween1x@trellian.com,Female,12.128.16.86,23/07/2018,Pakistan,1,2018-07-23
71,Ingrim,Torritti,itorritti1y@lulu.com,Male,66.132.127.130,07/12/2017,China,1,2017-07-12
72,Sandor,Casaroli,scasaroli1z@free.fr,Male,11.20.54.240,24/12/2017,Ecuador,1,2017-12-24
73,Ariel,Crick,acrick20@si.edu,Male,116.183.4.102,22/01/2018,China,1,2018-01-22
74,Devland,Aggott,daggott21@a8.net,Male,84.242.52.101,28/11/2017,United States,1,2017-11-28
75,Neda,Poulston,npoulston22@moonfruit.com,Female,197.237.199.93,07/12/2017,Philippines,1,2017-07-12
76,Rosco,Costock,rcostock23@sogou.com,Male,206.66.63.32,01/12/2017,China,1,2017-01-12
77,Gerda,Bartlomieczak,gbartlomieczak24@wiley.com,Female,157.51.4.10,27/05/2018,Sweden,1,2018-05-27
78,Suzanne,Rains,srains25@apple.com,Female,110.60.105.4,18/03/2018,Tanzania,1,2018-03-18
79,Tara,Walklate,twalklate26@phpbb.com,Female,123.240.222.143,27/11/2017,Canada,1,2017-11-27
80,Franzen,Summerskill,fsummerskill27@usda.gov,Male,112.196.14.33,09/02/2018,Tajikistan,1,2018-09-02
81,Sallie,Rawsthorne,srawsthorne28@earthlink.net,Female,122.32.39.97,18/04/2018,United States,1,2018-04-18
82,Janaye,Killingsworth,jkillingsworth29@ebay.com,Female,172.44.126.54,27/10/2017,Poland,1,2017-10-27
83,Fiann,Maginn,fmaginn2a@narod.ru,Female,131.213.22.243,03/05/2018,Malaysia,1,2018-03-05
84,Sidonnie,Safont,ssafont2b@list-manage.com,Female,253.131.193.149,03/02/2018,Indonesia,1,2018-03-02
85,Derry,Ponsford,dponsford2c@dailymotion.com,Male,214.5.26.84,06/09/2018,Turkmenistan,1,2018-06-09
86,Jessey,McCarney,jmccarney2d@wikia.com,Male,21.91.247.33,28/12/2017,Uganda,1,2017-12-28
87,Tandi,McQuie,tmcquie2e@biglobe.ne.jp,Female,21.23.201.151,01/07/2018,Russia,1,2018-01-07
88,Clarisse,Beyne,cbeyne2f@dyndns.org,Female,7.154.151.29,06/12/2017,China,1,2017-06-12
89,Shari,Low,slow2g@reddit.com,Female,244.12.135.37,12/01/2018,Armenia,1,2018-12-01
90,Marty,Crellim,mcrellim2h@printfriendly.com,Male,199.191.101.17,03/01/2018,Norway,1,2018-03-01
91,Cy,Andreaccio,candreaccio2i@google.ca,Male,188.165.243.144,26/09/2018,Indonesia,1,2018-09-26
92,Weidar,Western,wwestern2j@washington.edu,Male,52.177.5.199,26/07/2018,Thailand,1,2018-07-26
93,Keely,Markey,kmarkey2k@acquirethisname.com,Female,141.113.176.149,10/01/2018,Philippines,1,2018-10-01
94,Dorette,Mora,dmora2l@google.com,Female,75.22.168.183,29/04/2018,Japan,1,2018-04-29
95,Rheta,Zorzetti,rzorzetti2m@photobucket.com,Female,88.192.59.201,19/06/2018,Azerbaijan,1,2018-06-19
96,Sapphira,Copley,scopley2n@blogger.com,Female,71.236.97.69,24/11/2017,Central African Republic,1,2017-11-24
97,Salomone,Brugden,sbrugden2o@behance.net,Male,31.229.247.60,23/03/2018,Portugal,1,2018-03-23
98,Polly,Timbrell,ptimbrell2p@buzzfeed.com,Female,187.151.192.82,12/05/2018,France,1,2018-12-05
99,Lucian,Oxbrough,loxbrough2q@bloomberg.com,Male,117.79.74.147,13/04/2018,Nigeria,1,2018-04-13
100,Illa,Glason,iglason2r@creativecommons.org,Female,149.246.219.67,23/02/2018,Mexico,1,2018-02-23
101,Magdalena,Jakubovits,mjakubovits2s@bing.com,Female,143.205.50.99,04/03/2018,Brazil,1,2018-04-03
102,Sylas,Giorgeschi,sgiorgeschi2t@nyu.edu,Male,220.58.136.153,08/01/2018,Mexico,1,2018-08-01
103,Yard,Tyson,ytyson2u@jigsy.com,Male,241.217.47.110,28/02/2018,Philippines,1,2018-02-28
104,Sandro,Muttock,smuttock2v@netlog.com,Male,0.94.245.55,28/05/2018,Brazil,1,2018-05-28
105,Dougie,Kier,dkier2w@hexun.com,Male,64.130.235.204,11/03/2018,Poland,1,2018-11-03
106,Goddard,Stow,gstow2x@diigo.com,Male,241.211.47.17,15/07/2018,South Africa,1,2018-07-15
107,Bret,Slight,bslight2y@princeton.edu,Male,231.155.62.190,27/05/2018,Russia,1,2018-05-27
108,Seymour,Kilfedder,skilfedder2z@usnews.com,Male,48.124.255.189,13/08/2018,Russia,1,2018-08-13
109,Heather,Bewick,hbewick30@blogspot.com,Female,157.36.106.16,17/10/2017,Indonesia,1,2017-10-17
110,Lisha,Goad,lgoad31@va.gov,Female,238.36.4.103,30/07/2018,Philippines,1,2018-07-30
111,Felicio,Vere,fvere32@bbb.org,Male,3.28.185.61,16/09/2018,Thailand,1,2018-09-16
112,Lemuel,Dugget,ldugget33@twitpic.com,Male,82.38.16.77,22/11/2017,Russia,1,2017-11-22
113,Sarette,Lisciandro,slisciandro34@paginegialle.it,Female,55.237.193.108,08/04/2018,Philippines,1,2018-08-04
114,Bryna,Connop,bconnop35@shareasale.com,Female,44.168.76.20,10/07/2018,Nigeria,1,2018-10-07
115,Franklin,Stealey,fstealey36@technorati.com,Male,115.231.120.66,08/05/2018,Philippines,1,2018-08-05
116,Teriann,Dumingos,tdumingos37@ftc.gov,Female,26.161.244.162,08/02/2018,Mexico,1,2018-08-02
117,Sebastiano,McClurg,smcclurg38@ucsd.edu,Male,72.158.170.62,15/06/2018,Indonesia,1,2018-06-15
118,Howey,Mustarde,hmustarde39@printfriendly.com,Male,211.246.147.181,02/04/2018,Thailand,1,2018-02-04
119,Rik,Reschke,rreschke3a@state.gov,Male,244.164.172.173,15/04/2018,Serbia,1,2018-04-15
120,Samuel,Eastbury,seastbury3b@loc.gov,Male,12.234.47.149,11/06/2018,Nigeria,1,2018-11-06
121,Skipton,Trahmel,strahmel3c@mashable.com,Male,209.13.120.206,29/01/2018,Egypt,1,2018-01-29
122,Carmella,MacFadden,cmacfadden3d@canalblog.com,Female,247.97.172.119,27/03/2018,Sweden,1,2018-03-27
123,Bette-ann,Dalley,bdalley3e@thetimes.co.uk,Female,174.202.68.252,30/01/2018,Peru,1,2018-01-30
124,Ker,Cleft,kcleft3f@statcounter.com,Male,172.219.87.60,15/01/2018,Sweden,1,2018-01-15
125,Sheffie,Jarrel,sjarrel3g@newsvine.com,Male,215.14.255.49,09/01/2018,Portugal,1,2018-09-01
126,Emily,Rennles,erennles3h@theglobeandmail.com,Female,201.241.68.55,09/06/2018,Russia,1,2018-09-06
127,Lefty,Biasetti,lbiasetti3i@arstechnica.com,Male,159.86.94.37,15/10/2017,China,1,2017-10-15
128,Clemmie,Krol,ckrol3j@twitpic.com,Male,23.18.24.39,16/06/2018,Iran,1,2018-06-16
129,Shanan,Moreman,smoreman3k@last.fm,Male,232.18.96.177,19/07/2018,Sweden,1,2018-07-19
130,Godfry,Ivie,givie3l@e-recht24.de,Male,184.203.136.162,13/04/2018,Sweden,1,2018-04-13
131,Torey,Pockey,tpockey3m@newsvine.com,Male,133.89.192.24,24/08/2018,France,1,2018-08-24
132,Ferris,Capstaff,fcapstaff3n@ezinearticles.com,Male,28.196.234.237,30/09/2017,Kazakhstan,1,2017-09-30
133,Baxter,Cicullo,bcicullo3o@nsw.gov.au,Male,15.101.249.93,03/10/2017,China,1,2017-03-10
134,Desiri,Prugel,dprugel3p@hubpages.com,Female,191.41.2.248,26/12/2017,Indonesia,1,2017-12-26
135,Kristofer,Collyear,kcollyear3q@sakura.ne.jp,Male,229.3.196.55,19/03/2018,Ireland,1,2018-03-19
136,Brent,Fearney,bfearney3r@myspace.com,Male,65.191.188.223,16/11/2017,Czech Republic,1,2017-11-16
137,Pandora,Riccardini,priccardini3s@dedecms.com,Female,41.235.138.161,08/09/2018,China,1,2018-08-09
138,Lu,Jouanot,ljouanot3t@odnoklassniki.ru,Female,18.178.17.51,26/02/2018,China,1,2018-02-26
139,Kimmi,Maddaford,kmaddaford3u@usda.gov,Female,36.24.70.35,29/05/2018,Indonesia,1,2018-05-29
140,Natty,Tassel,ntassel3v@etsy.com,Female,65.240.247.90,12/02/2018,United States,1,2018-12-02
141,Myrtia,Logie,mlogie3w@barnesandnoble.com,Female,122.215.156.33,03/12/2017,Sweden,1,2017-03-12
142,Lane,Yancey,lyancey3x@bbb.org,Female,49.215.243.199,27/11/2017,United States,1,2017-11-27
143,Judith,Fretter,jfretter3y@cornell.edu,Female,89.46.97.220,03/10/2017,Kazakhstan,1,2017-03-10
144,Addie,Varey,avarey3z@hugedomains.com,Male,44.102.170.182,11/03/2018,China,1,2018-11-03
145,Marci,Rushbrooke,mrushbrooke40@wiley.com,Female,79.51.215.39,25/11/2017,Poland,1,2017-11-25
146,Puff,Redwall,predwall41@devhub.com,Male,134.219.113.206,15/08/2018,Ukraine,1,2018-08-15
147,Lombard,Crittal,lcrittal42@netlog.com,Male,101.84.194.227,10/07/2018,Peru,1,2018-10-07
148,Kathye,Bugbee,kbugbee43@sitemeter.com,Female,175.29.90.176,28/05/2018,Thailand,1,2018-05-28
149,Meredith,Boddice,mboddice44@e-recht24.de,Female,43.242.83.182,17/03/2018,Israel,1,2018-03-17
150,Yardley,Benoiton,ybenoiton45@twitter.com,Male,18.21.67.42,15/11/2017,Belarus,1,2017-11-15
151,Norine,McDonnell,nmcdonnell46@ycombinator.com,Female,4.159.40.87,08/06/2018,China,1,2018-08-06
152,Adrian,Conman,aconman47@buzzfeed.com,Female,185.94.36.134,18/07/2018,China,1,2018-07-18
153,Asa,Joppich,ajoppich48@cisco.com,Male,197.177.58.63,17/01/2018,Czech Republic,1,2018-01-17
154,Britt,Losel,blosel49@flavors.me,Female,97.68.194.91,11/05/2018,Spain,1,2018-11-05
155,Dori,Jeenes,djeenes4a@homestead.com,Female,43.70.171.51,01/04/2018,China,1,2018-01-04
156,Rudolfo,Babbage,rbabbage4b@weather.com,Male,110.147.143.129,05/05/2018,Ukraine,1,2018-05-05
157,Elston,Ygo,eygo4c@lulu.com,Male,19.247.37.83,29/08/2018,Brazil,1,2018-08-29
158,Emilie,Horley,ehorley4d@cbc.ca,Female,168.247.37.74,30/05/2018,Poland,1,2018-05-30
159,Jose,Domegan,jdomegan4e@shinystat.com,Male,74.173.236.125,20/09/2018,Thailand,1,2018-09-20
160,Michaeline,Gorce,mgorce4f@pagesperso-orange.fr,Female,228.73.241.238,04/09/2018,China,1,2018-04-09
161,Yard,Sabben,ysabben4g@miitbeian.gov.cn,Male,196.160.39.188,09/08/2018,Argentina,1,2018-09-08
162,Grier,Cohan,gcohan4h@go.com,Female,154.118.195.235,01/08/2018,Portugal,1,2018-01-08
163,Curt,Wenger,cwenger4i@sitemeter.com,Male,81.132.209.40,13/01/2018,Finland,1,2018-01-13
164,Gunner,Cottage,gcottage4j@4shared.com,Male,189.196.160.235,13/05/2018,Sweden,1,2018-05-13
165,Clementine,Patient,cpatient4k@rediff.com,Female,189.39.32.120,08/07/2018,Russia,1,2018-08-07
166,Glyn,Ipwell,gipwell4l@de.vu,Female,73.134.123.184,05/05/2018,Ireland,1,2018-05-05
167,Riobard,Mummery,rmummery4m@lulu.com,Male,60.32.40.206,04/08/2018,China,1,2018-04-08
168,Talbot,Lujan,tlujan4n@php.net,Male,221.207.210.12,09/04/2018,China,1,2018-09-04
169,Merv,Fiorentino,mfiorentino4o@sohu.com,Male,228.205.32.244,14/08/2018,Indonesia,1,2018-08-14
170,Ashlie,Robker,arobker4p@economist.com,Female,31.144.10.119,20/11/2017,Iran,1,2017-11-20
171,Skipper,Drance,sdrance4q@blogtalkradio.com,Male,97.75.140.176,30/03/2018,China,1,2018-03-30
172,Aleksandr,Labarre,alabarre4r@wordpress.com,Male,181.18.72.212,25/06/2018,Canada,1,2018-06-25
173,Stirling,Itzakson,sitzakson4s@technorati.com,Male,83.253.228.95,07/09/2018,Brazil,1,2018-07-09
174,Rabbi,Slany,rslany4t@opera.com,Male,80.191.255.201,06/10/2017,Bulgaria,1,2017-06-10
175,Lucky,Megany,lmegany4u@hhs.gov,Female,197.34.31.235,05/08/2018,Indonesia,1,2018-05-08
176,Garrett,Bayne,gbayne4v@jugem.jp,Male,52.220.234.220,20/12/2017,Thailand,1,2017-12-20
177,Burgess,Yurivtsev,byurivtsev4w@wikispaces.com,Male,198.80.40.100,19/03/2018,Indonesia,1,2018-03-19
178,Alexander,Cast,acast4x@thetimes.co.uk,Male,78.190.184.141,01/11/2017,China,1,2017-01-11
179,Suellen,Ixor,sixor4y@eepurl.com,Female,225.68.208.154,22/04/2018,Philippines,1,2018-04-22
180,Catherina,Cage,ccage4z@walmart.com,Female,232.52.53.159,15/09/2018,China,1,2018-09-15
181,Kort,MacCallion,kmaccallion50@unicef.org,Male,191.160.235.242,07/05/2018,Albania,1,2018-07-05
182,Gannon,Neill,gneill51@umich.edu,Male,47.143.18.16,04/08/2018,United States,1,2018-04-08
183,Cris,Challenor,cchallenor52@com.com,Male,187.163.253.144,10/09/2018,Philippines,1,2018-10-09
184,Eartha,Jedraszczyk,ejedraszczyk53@fotki.com,Female,137.1.51.131,10/05/2018,Russia,1,2018-10-05
185,Ody,Gerok,ogerok54@xinhuanet.com,Male,181.29.155.212,28/02/2018,China,1,2018-02-28
186,Dallas,Sokill,dsokill55@cnn.com,Male,98.74.106.202,10/06/2018,China,1,2018-10-06
187,Cynthea,Farriar,cfarriar56@behance.net,Female,173.39.201.188,08/04/2018,Ukraine,1,2018-08-04
188,Barbi,Tybalt,btybalt57@pinterest.com,Female,98.241.224.64,10/12/2017,Portugal,1,2017-10-12
189,Nadeen,Merwede,nmerwede58@ed.gov,Female,224.156.55.207,10/06/2018,Bahamas,1,2018-10-06
190,Fergus,Iffland,fiffland59@umn.edu,Male,172.120.67.16,14/02/2018,Ukraine,1,2018-02-14
191,Brigham,Craft,bcraft5a@wikipedia.org,Male,207.252.244.134,14/09/2018,Cambodia,1,2018-09-14
192,Mohammed,Arckoll,marckoll5b@topsy.com,Male,61.124.83.206,11/10/2017,Venezuela,1,2017-11-10
193,Giacobo,Dethloff,gdethloff5c@army.mil,Male,100.76.56.105,21/11/2017,Albania,1,2017-11-21
194,Phebe,Arkell,parkell5d@bloglovin.com,Female,113.126.148.1,22/09/2018,Luxembourg,1,2018-09-22
195,Cob,Amps,camps5e@sourceforge.net,Male,235.15.248.178,23/10/2017,Indonesia,1,2017-10-23
196,Milt,Speight,mspeight5f@constantcontact.com,Male,225.84.48.108,26/04/2018,Argentina,1,2018-04-26
197,Archibald,Gonzales,agonzales5g@about.me,Male,40.100.183.11,07/07/2018,Brazil,1,2018-07-07
198,Cari,Liccardi,cliccardi5h@pagesperso-orange.fr,Female,187.185.106.53,16/04/2018,Serbia,1,2018-04-16
199,Harald,MacCorley,hmaccorley5i@list-manage.com,Male,86.79.15.36,04/05/2018,Indonesia,1,2018-04-05
200,Osmund,Hansom,ohansom5j@ihg.com,Male,23.82.229.21,18/04/2018,Colombia,1,2018-04-18
201,Kriste,Hanner,khanner5k@independent.co.uk,Female,158.202.31.99,05/11/2017,Israel,1,2017-05-11
202,Alfreda,Wakes,awakes5l@ucoz.ru,Female,72.213.80.151,13/01/2018,Ethiopia,1,2018-01-13
203,Adelheid,Giovannilli,agiovannilli5m@gnu.org,Female,237.177.54.139,04/02/2018,Indonesia,1,2018-04-02
204,Mannie,Lauritsen,mlauritsen5n@networksolutions.com,Male,111.225.138.190,23/10/2017,Philippines,1,2017-10-23
205,Ruthi,Stepney,rstepney5o@oaic.gov.au,Female,106.218.163.73,09/01/2018,Canada,1,2018-09-01
206,Kerri,Rizziello,krizziello5p@reference.com,Female,133.22.196.53,23/03/2018,Russia,1,2018-03-23
207,Teodoro,Dyton,tdyton5q@spiegel.de,Male,245.79.175.12,08/05/2018,Portugal,1,2018-08-05
208,Stevy,Cardon,scardon5r@scientificamerican.com,Male,208.128.18.184,04/07/2018,China,1,2018-04-07
209,Hunter,Molineux,hmolineux5s@example.com,Male,159.168.70.9,22/08/2018,Ukraine,1,2018-08-22
210,Tybie,Van Hesteren,tvanhesteren5t@pbs.org,Female,35.208.232.10,01/11/2017,Russia,1,2017-01-11
211,Imogene,Bysh,ibysh5u@ucsd.edu,Female,182.127.208.187,24/06/2018,Peru,1,2018-06-24
212,Opal,Shearsby,oshearsby5v@flickr.com,Female,129.0.197.203,13/11/2017,China,1,2017-11-13
213,Hugibert,Oneal,honeal5w@posterous.com,Male,78.35.41.142,30/07/2018,South Africa,1,2018-07-30
214,Lemuel,Nendick,lnendick5x@hibu.com,Male,175.160.21.232,11/04/2018,China,1,2018-11-04
215,Lyndsay,Human,lhuman5y@joomla.org,Female,99.9.168.3,09/10/2017,Indonesia,1,2017-09-10
216,Ashlan,Paolino,apaolino5z@naver.com,Female,130.12.250.236,13/05/2018,Thailand,1,2018-05-13
217,Gwendolyn,Murrish,gmurrish60@unicef.org,Female,172.123.60.171,26/12/2017,Bosnia and Herzegovina,1,2017-12-26
218,Edith,Fordham,efordham61@vk.com,Female,39.229.117.180,26/04/2018,Pakistan,1,2018-04-26
219,Beverley,Beeres,bbeeres62@hubpages.com,Female,33.76.219.211,12/07/2018,Palestinian Territory,1,2018-12-07
220,Raymond,Bonney,rbonney63@spotify.com,Male,208.216.162.49,18/08/2018,Indonesia,1,2018-08-18
221,Milty,Fewtrell,mfewtrell64@weibo.com,Male,33.80.129.107,12/05/2018,Czech Republic,1,2018-12-05
222,Kalil,Hubber,khubber65@about.com,Male,165.166.149.127,30/03/2018,Belarus,1,2018-03-30
223,Godfrey,Fulks,gfulks66@home.pl,Male,35.223.87.21,05/12/2017,Palestinian Territory,1,2017-05-12
224,Gennifer,Balding,gbalding67@stumbleupon.com,Female,181.166.15.237,25/11/2017,Indonesia,1,2017-11-25
225,Langsdon,McAlpin,lmcalpin68@ezinearticles.com,Male,255.13.8.56,07/10/2017,Philippines,1,2017-07-10
226,Row,Haliburton,rhaliburton69@eventbrite.com,Female,247.213.48.35,03/05/2018,Ukraine,1,2018-03-05
227,Rosita,Boich,rboich6a@php.net,Female,200.80.116.95,21/12/2017,Indonesia,1,2017-12-21
228,Misti,Heathorn,mheathorn6b@xinhuanet.com,Female,75.160.196.75,22/11/2017,Panama,1,2017-11-22
229,Alanson,Millership,amillership6c@ibm.com,Male,93.67.12.134,03/07/2018,China,1,2018-03-07
230,Dilan,Lidington,dlidington6d@surveymonkey.com,Male,253.215.78.208,24/04/2018,Syria,1,2018-04-24
231,Irving,Butrimovich,ibutrimovich6e@blog.com,Male,97.96.216.228,03/03/2018,Poland,1,2018-03-03
232,Leif,Wildman,lwildman6f@furl.net,Male,248.143.139.185,25/04/2018,Portugal,1,2018-04-25
233,Tom,Padilla,tpadilla6g@illinois.edu,Male,158.77.132.101,30/04/2018,China,1,2018-04-30
234,Ibrahim,Ownsworth,iownsworth6h@biglobe.ne.jp,Male,37.218.251.65,12/04/2018,China,1,2018-12-04
235,Tootsie,Petkov,tpetkov6i@skyrock.com,Female,48.172.198.129,13/11/2017,Indonesia,1,2017-11-13
236,Janeta,Gillimgham,jgillimgham6j@constantcontact.com,Female,166.63.202.14,11/08/2018,Brazil,1,2018-11-08
237,Korney,Vanyarkin,kvanyarkin6k@twitter.com,Female,193.121.136.4,06/01/2018,Poland,1,2018-06-01
238,Buiron,Melley,bmelley6l@dell.com,Male,171.28.69.182,02/07/2018,Haiti,1,2018-02-07
239,Dehlia,Boulton,dboulton6m@umich.edu,Female,75.86.142.146,06/11/2017,Russia,1,2017-06-11
240,Jaye,Sleaford,jsleaford6n@irs.gov,Male,134.170.121.193,28/09/2017,Portugal,1,2017-09-28
241,Rici,MacLaren,rmaclaren6o@etsy.com,Female,164.195.183.96,14/04/2018,Iran,1,2018-04-14
242,Austina,Bridgement,abridgement6p@shareasale.com,Female,154.12.13.200,24/02/2018,China,1,2018-02-24
243,Joanie,Plaunch,jplaunch6q@seesaa.net,Female,121.13.193.241,02/11/2017,France,1,2017-02-11
244,Kilian,Bruty,kbruty6r@upenn.edu,Male,0.242.94.13,23/11/2017,Macedonia,1,2017-11-23
245,Eba,Boxhall,eboxhall6s@redcross.org,Female,128.43.238.99,20/04/2018,Indonesia,1,2018-04-20
246,Rina,Janman,rjanman6t@feedburner.com,Female,178.118.67.155,16/07/2018,Thailand,1,2018-07-16
247,Merwin,Roback,mroback6u@opera.com,Male,31.134.138.155,28/10/2017,China,1,2017-10-28
248,Cherri,Roblett,croblett6v@etsy.com,Female,0.223.150.96,24/08/2018,Brazil,1,2018-08-24
249,Corrianne,Acom,cacom6w@nymag.com,Female,198.204.105.87,12/09/2018,Sweden,1,2018-12-09
250,Ethelind,Menichelli,emenichelli6x@jiathis.com,Female,230.125.72.77,28/09/2017,Palestinian Territory,1,2017-09-28
251,Merrie,Papaminas,mpapaminas6y@mlb.com,Female,253.17.215.25,04/11/2017,Vietnam,1,2017-04-11
252,Augustus,Pougher,apougher6z@icio.us,Male,176.165.236.55,26/01/2018,China,1,2018-01-26
253,Cleavland,Segeswoeth,csegeswoeth70@wikimedia.org,Male,166.121.11.120,14/02/2018,China,1,2018-02-14
254,Sena,Wasiela,swasiela71@imageshack.us,Female,39.158.16.131,28/01/2018,Indonesia,1,2018-01-28
255,Alexia,Andor,aandor72@adobe.com,Female,127.177.144.18,11/12/2017,Russia,1,2017-11-12
256,Ludovico,Bonavia,lbonavia73@mozilla.org,Male,224.79.39.155,30/03/2018,China,1,2018-03-30
257,Rhea,Lawson,rlawson74@addthis.com,Female,141.184.163.154,20/08/2018,Indonesia,1,2018-08-20
258,Ambur,Rockcliffe,arockcliffe75@independent.co.uk,Female,226.226.60.248,27/10/2017,Poland,1,2017-10-27
259,Berty,Latek,blatek76@nps.gov,Male,171.209.150.12,12/01/2018,China,1,2018-12-01
260,Oliviero,Levitt,olevitt77@domainmarket.com,Male,180.115.34.182,28/06/2018,France,1,2018-06-28
261,Louis,Berardt,lberardt78@cpanel.net,Male,156.30.64.138,12/09/2018,Egypt,1,2018-12-09
262,Rick,Simes,rsimes79@people.com.cn,Male,252.54.79.27,14/10/2017,Kosovo,1,2017-10-14
263,Hamilton,Reedick,hreedick7a@independent.co.uk,Male,105.26.245.180,20/03/2018,Portugal,1,2018-03-20
264,Giulietta,Wylie,gwylie7b@shinystat.com,Female,74.159.86.36,26/09/2018,Mexico,1,2018-09-26
265,Casie,Rotter,crotter7c@ifeng.com,Female,37.24.105.30,26/05/2018,China,1,2018-05-26
266,Bruce,Jarnell,bjarnell7d@toplist.cz,Male,28.151.176.156,15/02/2018,Malaysia,1,2018-02-15
267,Nissa,Stonner,nstonner7e@sohu.com,Female,46.129.58.133,29/05/2018,Brazil,1,2018-05-29
268,Warde,Behling,wbehling7f@loc.gov,Male,220.184.202.69,14/10/2017,Philippines,1,2017-10-14
269,Der,Guillain,dguillain7g@npr.org,Male,81.252.77.209,08/05/2018,Russia,1,2018-08-05
270,Rosabel,Chrispin,rchrispin7h@multiply.com,Female,255.39.42.220,13/05/2018,Indonesia,1,2018-05-13
271,Tallie,Sibbit,tsibbit7i@dedecms.com,Female,121.125.164.37,28/03/2018,Poland,1,2018-03-28
272,Rhetta,Pitney,rpitney7j@businessinsider.com,Female,190.189.72.129,17/12/2017,France,1,2017-12-17
273,Christoffer,Keeves,ckeeves7k@yale.edu,Male,49.91.135.229,17/06/2018,Benin,1,2018-06-17
274,Bridget,Hirjak,bhirjak7l@desdev.cn,Female,40.244.35.153,28/09/2017,Peru,1,2017-09-28
275,Maridel,Luscombe,mluscombe7m@biblegateway.com,Female,199.96.148.77,07/08/2018,Bangladesh,1,2018-07-08
276,Brenn,Growcott,bgrowcott7n@pinterest.com,Female,15.234.194.255,01/05/2018,China,1,2018-01-05
277,Clarice,Flowers,cflowers7o@bravesites.com,Female,66.25.147.4,21/05/2018,Israel,1,2018-05-21
278,Donna,O'Hara,dohara7p@eventbrite.com,Female,125.226.128.204,22/06/2018,Brazil,1,2018-06-22
279,Heida,Legerwood,hlegerwood7q@1688.com,Female,105.165.65.91,05/04/2018,Bhutan,1,2018-05-04
280,Berny,Barrasse,bbarrasse7r@examiner.com,Male,57.148.99.250,05/11/2017,France,1,2017-05-11
281,Joya,MacGahy,jmacgahy7s@instagram.com,Female,132.147.85.161,30/08/2018,Norway,1,2018-08-30
282,Tobie,Westlake,twestlake7t@jigsy.com,Male,62.4.128.168,18/08/2018,Sweden,1,2018-08-18
283,Jerad,Goult,jgoult7u@sina.com.cn,Male,45.148.116.255,26/03/2018,China,1,2018-03-26
284,Richmound,Firsby,rfirsby7v@google.ru,Male,54.118.191.239,13/11/2017,China,1,2017-11-13
285,Corliss,Bickell,cbickell7w@mlb.com,Female,29.58.75.13,11/03/2018,Czech Republic,1,2018-11-03
286,Tanhya,Hidderley,thidderley7x@scribd.com,Female,196.226.82.245,09/02/2018,Peru,1,2018-09-02
287,Kathrine,Quinnelly,kquinnelly7y@theatlantic.com,Female,240.125.190.169,18/03/2018,Tunisia,1,2018-03-18
288,Lewie,Billson,lbillson7z@arstechnica.com,Male,214.53.16.14,02/05/2018,Yemen,1,2018-02-05
289,Hughie,Peterken,hpeterken80@soup.io,Male,56.23.224.162,01/03/2018,China,1,2018-01-03
290,Malachi,Blues,mblues81@google.co.jp,Male,96.208.53.113,22/04/2018,Russia,1,2018-04-22
291,Philbert,Genny,pgenny82@pcworld.com,Male,110.243.119.14,27/12/2017,Thailand,1,2017-12-27
292,Tobey,Fuente,tfuente83@infoseek.co.jp,Female,216.106.108.60,18/01/2018,China,1,2018-01-18
293,Damian,Dalgety,ddalgety84@tmall.com,Male,126.243.204.208,26/07/2018,China,1,2018-07-26
294,Marita,Stormont,mstormont85@163.com,Female,45.156.123.61,08/03/2018,Ukraine,1,2018-08-03
295,Laetitia,Simcock,lsimcock86@freewebs.com,Female,233.201.202.7,03/11/2017,Russia,1,2017-03-11
296,Fletcher,Hearnden,fhearnden87@booking.com,Male,223.143.52.10,18/01/2018,China,1,2018-01-18
297,Blythe,Gilmour,bgilmour88@thetimes.co.uk,Female,188.45.167.119,12/05/2018,China,1,2018-12-05
298,Nolly,Crookshank,ncrookshank89@fda.gov,Male,214.70.172.39,07/05/2018,China,1,2018-07-05
299,Nickola,Cansdale,ncansdale8a@arizona.edu,Male,188.231.19.36,23/09/2018,China,1,2018-09-23
300,Isidora,Giuron,igiuron8b@vinaora.com,Female,167.8.88.185,10/08/2018,Guyana,1,2018-10-08
301,Merrel,Kingescot,mkingescot8c@adobe.com,Male,150.200.150.221,15/05/2018,China,1,2018-05-15
302,Catlaina,Birrane,cbirrane8d@ifeng.com,Female,0.170.81.165,03/06/2018,China,1,2018-03-06
303,Brannon,Hannibal,bhannibal8e@sina.com.cn,Male,195.6.218.0,04/11/2017,Brazil,1,2017-04-11
304,Noella,Miche,nmiche8f@1und1.de,Female,69.81.140.81,04/05/2018,Russia,1,2018-04-05
305,Terry,McDavid,tmcdavid8g@myspace.com,Male,227.72.26.118,18/05/2018,Czech Republic,1,2018-05-18
306,Tremain,Walentynowicz,twalentynowicz8h@cbsnews.com,Male,242.148.65.119,07/12/2017,Indonesia,1,2017-07-12
307,Michal,Kullmann,mkullmann8i@t.co,Male,190.138.38.62,21/09/2018,China,1,2018-09-21
308,Zorine,Dunkerton,zdunkerton8j@ebay.com,Female,106.118.108.86,04/01/2018,South Africa,1,2018-04-01
309,Denny,Fonte,dfonte8k@mlb.com,Female,245.160.40.168,13/08/2018,Indonesia,1,2018-08-13
310,Tabbie,Denial,tdenial8l@posterous.com,Male,190.215.138.210,27/05/2018,China,1,2018-05-27
311,Bea,Anthonsen,banthonsen8m@utexas.edu,Female,191.38.243.100,17/07/2018,Indonesia,1,2018-07-17
312,Gabbie,Tomaskunas,gtomaskunas8n@joomla.org,Male,21.190.41.72,16/03/2018,Vietnam,1,2018-03-16
313,Kate,Gabrieli,kgabrieli8o@twitter.com,Female,62.58.94.191,09/04/2018,Thailand,1,2018-09-04
314,Reade,Snoding,rsnoding8p@miitbeian.gov.cn,Male,116.89.236.113,09/07/2018,China,1,2018-09-07
315,Sean,Wyldbore,swyldbore8q@printfriendly.com,Female,110.216.43.141,28/03/2018,Brazil,1,2018-03-28
316,Hanson,Swaite,hswaite8r@google.ru,Male,125.127.144.110,29/05/2018,Venezuela,1,2018-05-29
317,Donnell,Walasik,dwalasik8s@marriott.com,Male,4.3.90.246,09/11/2017,Russia,1,2017-09-11
318,Perceval,Noden,pnoden8t@google.ru,Male,162.184.95.111,22/04/2018,France,1,2018-04-22
319,Arty,Loddy,aloddy8u@sun.com,Male,107.219.214.117,02/12/2017,China,1,2017-02-12
320,Bay,Bonafant,bbonafant8v@nationalgeographic.com,Male,74.67.47.199,07/12/2017,Indonesia,1,2017-07-12
321,Abram,Lipsett,alipsett8w@ted.com,Male,70.141.222.240,28/01/2018,Russia,1,2018-01-28
322,Bowie,Stading,bstading8x@hexun.com,Male,78.173.216.146,30/07/2018,Russia,1,2018-07-30
323,Jacky,Hakking,jhakking8y@flavors.me,Female,134.40.38.122,14/06/2018,Indonesia,1,2018-06-14
324,Percy,Kirkbride,pkirkbride8z@pbs.org,Male,213.41.207.155,18/01/2018,China,1,2018-01-18
325,Booth,Posnett,bposnett90@stanford.edu,Male,171.199.101.227,05/06/2018,Brazil,1,2018-05-06
326,Margaret,Lattimore,mlattimore91@wunderground.com,Female,135.95.209.107,25/04/2018,Cambodia,1,2018-04-25
327,Stephan,Lampl,slampl92@xing.com,Male,69.255.165.227,19/05/2018,Philippines,1,2018-05-19
328,Fidel,Killingsworth,fkillingsworth93@blinklist.com,Male,170.200.243.182,22/04/2018,China,1,2018-04-22
329,Ruggiero,BoHlingolsen,rbohlingolsen94@merriam-webster.com,Male,123.17.129.103,19/04/2018,Croatia,1,2018-04-19
330,Fred,Jouhandeau,fjouhandeau95@businessinsider.com,Male,45.52.253.117,02/05/2018,China,1,2018-02-05
331,Quentin,Shelford,qshelford96@google.ca,Female,231.216.0.81,25/02/2018,Russia,1,2018-02-25
332,Charmine,Spondley,cspondley97@japanpost.jp,Female,110.82.94.226,14/05/2018,Indonesia,1,2018-05-14
333,Adara,Schulke,aschulke98@npr.org,Female,90.190.97.156,19/09/2018,Bosnia and Herzegovina,1,2018-09-19
334,Logan,Bettridge,lbettridge99@yale.edu,Male,181.220.41.8,03/08/2018,Ireland,1,2018-03-08
335,Bianka,Pohls,bpohls9a@answers.com,Female,216.10.195.38,21/10/2017,Comoros,1,2017-10-21
336,Tiff,Croal,tcroal9b@themeforest.net,Female,94.36.3.155,08/06/2018,Cyprus,1,2018-08-06
337,Shoshana,Caveau,scaveau9c@lulu.com,Female,232.28.242.94,05/04/2018,China,1,2018-05-04
338,Forbes,Syfax,fsyfax9d@baidu.com,Male,241.67.226.84,16/11/2017,Ukraine,1,2017-11-16
339,Dallon,Markushkin,dmarkushkin9e@cbslocal.com,Male,243.210.32.234,16/12/2017,Indonesia,1,2017-12-16
340,Robbie,Dobbin,rdobbin9f@amazonaws.com,Male,55.220.176.37,08/05/2018,Russia,1,2018-08-05
341,Son,Lambrecht,slambrecht9g@tinyurl.com,Male,134.51.244.80,22/06/2018,Greece,1,2018-06-22
342,Quincey,Gott,qgott9h@youtube.com,Male,128.224.7.63,17/05/2018,Aland Islands,1,2018-05-17
343,Jayme,Bickers,jbickers9i@tmall.com,Male,198.4.157.6,31/05/2018,China,1,2018-05-31
344,Hiram,Blazek,hblazek9j@java.com,Male,144.219.131.183,02/09/2018,Ukraine,1,2018-02-09
345,Berkeley,Calbrathe,bcalbrathe9k@webs.com,Male,133.39.250.206,31/03/2018,Spain,1,2018-03-31
346,Berkley,Dakhno,bdakhno9l@studiopress.com,Male,65.51.206.65,29/08/2018,Brazil,1,2018-08-29
347,Gweneth,Mulrooney,gmulrooney9m@about.me,Female,184.133.186.190,27/02/2018,Portugal,1,2018-02-27
348,Hayyim,Clabburn,hclabburn9n@utexas.edu,Male,241.32.136.6,18/11/2017,Czech Republic,1,2017-11-18
349,Aili,Scedall,ascedall9o@reference.com,Female,66.91.119.94,18/11/2017,China,1,2017-11-18
350,Bryana,Davidoff,bdavidoff9p@netlog.com,Female,234.233.105.222,26/05/2018,Peru,1,2018-05-26
351,Brockie,Sandiland,bsandiland9q@gnu.org,Male,231.77.209.198,02/06/2018,Indonesia,1,2018-02-06
352,Modestine,Kamena,mkamena9r@ftc.gov,Female,86.181.137.189,26/10/2017,Honduras,1,2017-10-26
353,Amaleta,Girod,agirod9s@imdb.com,Female,1.33.244.255,31/05/2018,Indonesia,1,2018-05-31
354,Donalt,Le Galle,dlegalle9t@sfgate.com,Male,114.35.222.150,06/07/2018,Bosnia and Herzegovina,1,2018-06-07
355,Joseph,Lethbridge,jlethbridge9u@msn.com,Male,222.217.20.238,09/01/2018,China,1,2018-09-01
356,Coleen,Theuff,ctheuff9v@eepurl.com,Female,193.139.122.22,26/06/2018,Japan,1,2018-06-26
357,Devonne,Peotz,dpeotz9w@washingtonpost.com,Female,10.2.37.146,07/12/2017,Lebanon,1,2017-07-12
358,Tana,Fellowes,tfellowes9x@reddit.com,Female,198.79.91.140,10/06/2018,Philippines,1,2018-10-06
359,Susann,Ruttgers,sruttgers9y@businesswire.com,Female,181.61.2.132,14/04/2018,Papua New Guinea,1,2018-04-14
360,Wenda,Clowser,wclowser9z@slashdot.org,Female,221.170.77.194,20/03/2018,Russia,1,2018-03-20
361,Ingelbert,Dickson,idicksona0@yahoo.com,Male,52.225.242.238,30/12/2017,Canada,1,2017-12-30
362,Merrill,Whapples,mwhapplesa1@slate.com,Male,125.163.40.99,26/08/2018,China,1,2018-08-26
363,Torre,O'Looney,tolooneya2@altervista.org,Male,202.143.158.161,03/01/2018,China,1,2018-03-01
364,Vivianna,Raggatt,vraggatta3@csmonitor.com,Female,140.180.125.61,18/07/2018,Sweden,1,2018-07-18
365,Raynard,Roddy,rroddya4@craigslist.org,Male,39.210.30.181,20/04/2018,Philippines,1,2018-04-20
366,Codi,Lumm,clumma5@bloomberg.com,Male,178.194.2.114,11/06/2018,Brazil,1,2018-11-06
367,Andras,Van Castele,avancastelea6@prweb.com,Male,226.145.87.14,15/04/2018,Bulgaria,1,2018-04-15
368,Guillemette,Creber,gcrebera7@goodreads.com,Female,8.157.140.196,09/04/2018,China,1,2018-09-04
369,Edgardo,Clerc,eclerca8@nyu.edu,Male,161.52.208.36,28/09/2017,Albania,1,2017-09-28
370,Kimmy,Ottiwill,kottiwilla9@alibaba.com,Female,11.34.113.97,29/07/2018,Indonesia,1,2018-07-29
371,Ashly,McCallam,amccallamaa@yelp.com,Female,121.70.246.21,21/07/2018,Ukraine,1,2018-07-21
372,Matelda,Haruard,mharuardab@yahoo.co.jp,Female,106.59.35.200,08/01/2018,Indonesia,1,2018-08-01
373,Stanislaus,Carsey,scarseyac@ameblo.jp,Male,19.119.229.13,03/05/2018,Philippines,1,2018-03-05
374,Leroy,Shorto,lshortoad@123-reg.co.uk,Male,73.213.91.13,30/04/2018,Indonesia,1,2018-04-30
375,Ada,Stanyan,astanyanae@gnu.org,Female,30.59.175.25,12/07/2018,Indonesia,1,2018-12-07
376,Emelen,Klewi,eklewiaf@census.gov,Male,19.110.241.163,04/11/2017,China,1,2017-04-11
377,Olvan,O'Geneay,oogeneayag@huffingtonpost.com,Male,96.53.13.26,18/03/2018,Belarus,1,2018-03-18
378,Barrie,Marrable,bmarrableah@npr.org,Female,195.145.133.13,03/12/2017,Hungary,1,2017-03-12
379,Marketa,Smeeth,msmeethai@rambler.ru,Female,10.0.240.181,30/07/2018,Tunisia,1,2018-07-30
380,Dale,Prescote,dprescoteaj@phoca.cz,Male,116.70.18.120,29/03/2018,Philippines,1,2018-03-29
381,Romeo,Poxon,rpoxonak@purevolume.com,Male,101.100.74.49,24/01/2018,Ukraine,1,2018-01-24
382,Kaycee,MacLice,kmacliceal@t-online.de,Female,164.230.217.197,07/12/2017,Indonesia,1,2017-07-12
383,Abramo,Barnicott,abarnicottam@ezinearticles.com,Male,147.29.157.4,26/06/2018,France,1,2018-06-26
384,Chucho,Braven,cbravenan@nih.gov,Male,65.69.96.181,02/01/2018,Portugal,1,2018-02-01
385,Nichol,Howitt,nhowittao@netvibes.com,Female,166.237.69.75,18/08/2018,Peru,1,2018-08-18
386,Jemimah,Misken,jmiskenap@google.pl,Female,141.27.70.142,29/03/2018,Croatia,1,2018-03-29
387,Beatriz,Brychan,bbrychanaq@wired.com,Female,115.200.17.227,17/03/2018,Egypt,1,2018-03-17
388,Barbe,Skegg,bskeggar@nationalgeographic.com,Female,207.216.211.255,28/06/2018,Argentina,1,2018-06-28
389,Rowney,McClaurie,rmcclaurieas@ihg.com,Male,77.158.158.39,21/08/2018,Philippines,1,2018-08-21
390,Hedvige,Donson,hdonsonat@ebay.com,Female,236.40.0.73,22/03/2018,Philippines,1,2018-03-22
391,Dalli,McAdam,dmcadamau@state.gov,Male,7.225.125.97,01/10/2017,France,1,2017-01-10
392,Jameson,Noton,jnotonav@naver.com,Male,88.155.255.237,30/10/2017,Japan,1,2017-10-30
393,Ingram,Olden,ioldenaw@craigslist.org,Male,67.182.129.76,26/03/2018,Finland,1,2018-03-26
394,Pascale,De Mars,pdemarsax@angelfire.com,Male,100.27.27.30,18/12/2017,Russia,1,2017-12-18
395,Cesaro,Shedden,csheddenay@amazonaws.com,Male,245.42.244.151,26/12/2017,Dominican Republic,1,2017-12-26
396,Lyndsie,Bendson,lbendsonaz@tripod.com,Female,179.194.67.112,28/08/2018,China,1,2018-08-28
397,Harlin,Gianuzzi,hgianuzzib0@hostgator.com,Male,127.95.60.2,06/12/2017,China,1,2017-06-12
398,Karolina,Gogarty,kgogartyb1@opensource.org,Female,138.193.0.191,29/12/2017,China,1,2017-12-29
399,Dee,Jobbins,djobbinsb2@hubpages.com,Female,132.195.47.94,21/12/2017,Indonesia,1,2017-12-21
400,Ezekiel,Cathersides,ecathersidesb3@chron.com,Male,62.74.17.235,24/10/2017,Serbia,1,2017-10-24
401,Blanca,Huckleby,bhucklebyb4@time.com,Female,83.51.87.192,26/02/2018,China,1,2018-02-26
402,Anstice,Tredwell,atredwellb5@homestead.com,Female,144.200.180.238,18/02/2018,China,1,2018-02-18
403,Gabbie,Gouldstraw,ggouldstrawb6@apache.org,Male,254.173.200.101,18/05/2018,Afghanistan,1,2018-05-18
404,Greer,Buxton,gbuxtonb7@issuu.com,Female,59.4.252.213,09/02/2018,Serbia,1,2018-09-02
405,Gwenora,Cooling,gcoolingb8@go.com,Female,124.127.208.171,21/09/2018,Philippines,1,2018-09-21
406,Susann,Sowerby,ssowerbyb9@friendfeed.com,Female,165.236.74.204,02/04/2018,China,1,2018-02-04
407,Nestor,Alsop,nalsopba@posterous.com,Male,167.150.39.87,26/10/2017,Philippines,1,2017-10-26
408,Donielle,Bride,dbridebb@businesswire.com,Female,223.2.6.85,04/11/2017,French Polynesia,1,2017-04-11
409,Sayers,Piken,spikenbc@addtoany.com,Male,75.237.233.65,27/08/2018,Greece,1,2018-08-27
410,Hermione,Bason,hbasonbd@cyberchimps.com,Female,87.5.136.184,04/05/2018,Russia,1,2018-04-05
411,Jinny,Cuckson,jcucksonbe@amazon.de,Female,91.55.86.26,22/11/2017,Poland,1,2017-11-22
412,Loren,Gorghetto,lgorghettobf@nba.com,Male,58.74.58.136,23/06/2018,New Zealand,1,2018-06-23
413,Andre,Elphee,aelpheebg@newsvine.com,Male,54.118.100.2,07/08/2018,Argentina,1,2018-07-08
414,Kandy,Mangenet,kmangenetbh@wordpress.org,Female,90.35.90.57,30/05/2018,Kazakhstan,1,2018-05-30
415,Feliks,Augustus,faugustusbi@ehow.com,Male,254.44.219.75,29/11/2017,United States,1,2017-11-29
416,Anallise,Naseby,anasebybj@discuz.net,Female,64.43.3.88,06/08/2018,Russia,1,2018-06-08
417,Ginny,Carrier,gcarrierbk@rambler.ru,Female,73.235.188.212,04/09/2018,China,1,2018-04-09
418,Estelle,Norheny,enorhenybl@princeton.edu,Female,242.102.204.53,18/12/2017,Indonesia,1,2017-12-18
419,Flemming,Langsbury,flangsburybm@ustream.tv,Male,101.206.192.236,30/03/2018,Saint Kitts and Nevis,1,2018-03-30
420,Jenica,Sictornes,jsictornesbn@utexas.edu,Female,158.247.91.50,24/07/2018,Poland,1,2018-07-24
421,Matthaeus,Gaskell,mgaskellbo@nature.com,Male,199.52.222.246,29/07/2018,United States,1,2018-07-29
422,Andriette,Staines,astainesbp@discuz.net,Female,79.188.12.7,15/11/2017,China,1,2017-11-15
423,Pollyanna,Sircombe,psircombebq@sphinn.com,Female,59.44.236.213,03/04/2018,Kazakhstan,1,2018-03-04
424,Grenville,Froude,gfroudebr@bravesites.com,Male,35.175.237.244,13/09/2018,China,1,2018-09-13
425,Thibaud,Durbann,tdurbannbs@is.gd,Male,18.70.36.30,05/07/2018,China,1,2018-05-07
426,Merline,Steaning,msteaningbt@studiopress.com,Female,36.168.137.61,31/08/2018,China,1,2018-08-31
427,Arvin,Frise,afrisebu@columbia.edu,Male,155.179.95.20,22/09/2018,Sweden,1,2018-09-22
428,Charil,Gallen,cgallenbv@pagesperso-orange.fr,Female,238.63.104.253,07/08/2018,Norway,1,2018-07-08
429,Corliss,Donaho,cdonahobw@yolasite.com,Female,143.1.79.169,24/08/2018,Brazil,1,2018-08-24
430,Morse,Barendtsen,mbarendtsenbx@indiatimes.com,Male,12.71.150.156,01/11/2017,Denmark,1,2017-01-11
431,Abbott,Grevel,agrevelby@360.cn,Male,251.34.29.201,08/09/2018,Serbia,1,2018-08-09
432,Corrine,Osmant,cosmantbz@arstechnica.com,Female,41.46.106.220,01/07/2018,Nigeria,1,2018-01-07
433,Norby,Sailor,nsailorc0@utexas.edu,Male,103.149.239.171,25/07/2018,United States,1,2018-07-25
434,Gwyneth,De La Hay,gdelahayc1@buzzfeed.com,Female,199.213.175.53,07/05/2018,Thailand,1,2018-07-05
435,Sam,Antonias,santoniasc2@seattletimes.com,Female,185.114.247.215,06/09/2018,Mexico,1,2018-06-09
436,Giulietta,Crozier,gcrozierc3@parallels.com,Female,202.222.118.207,12/06/2018,China,1,2018-12-06
437,Joanna,Ledgard,jledgardc4@hp.com,Female,215.82.86.223,14/03/2018,Serbia,1,2018-03-14
438,Suzanna,Oaten,soatenc5@si.edu,Female,48.248.249.240,19/05/2018,Indonesia,1,2018-05-19
439,Theodor,Randlesome,trandlesomec6@europa.eu,Male,163.11.50.85,01/07/2018,Czech Republic,1,2018-01-07
440,Andy,Bulfoy,abulfoyc7@cloudflare.com,Female,240.93.160.100,23/01/2018,Albania,1,2018-01-23
441,Russ,Leyden,rleydenc8@wix.com,Male,244.144.171.216,17/01/2018,China,1,2018-01-17
442,Selle,Pumphrey,spumphreyc9@cnet.com,Female,189.244.182.240,02/01/2018,Hungary,1,2018-02-01
443,Tiffy,Ixor,tixorca@yellowbook.com,Female,164.22.27.175,12/09/2018,China,1,2018-12-09
444,Cris,Demann,cdemanncb@privacy.gov.au,Male,232.19.86.4,16/12/2017,Czech Republic,1,2017-12-16
445,Cletis,Sextone,csextonecc@wisc.edu,Male,194.92.209.247,04/08/2018,Liberia,1,2018-04-08
446,Geno,Whacket,gwhacketcd@mapquest.com,Male,197.175.97.92,13/03/2018,Indonesia,1,2018-03-13
447,Tabby,Itskovitz,titskovitzce@weather.com,Female,185.1.55.116,31/07/2018,Poland,1,2018-07-31
448,Aurilia,Durek,adurekcf@accuweather.com,Female,9.252.128.81,07/05/2018,China,1,2018-07-05
449,Parker,Taffley,ptaffleycg@thetimes.co.uk,Male,133.205.4.53,18/10/2017,China,1,2017-10-18
450,Eolanda,Catley,ecatleych@delicious.com,Female,56.29.205.237,25/09/2018,China,1,2018-09-25
451,Clo,Deroche,cderocheci@dyndns.org,Female,118.237.82.76,21/07/2018,South Korea,1,2018-07-21
452,Beckie,Di Francecshi,bdifrancecshicj@cornell.edu,Female,70.245.106.218,10/08/2018,China,1,2018-10-08
453,Violetta,Hunston,vhunstonck@php.net,Female,116.249.10.130,18/10/2017,Japan,1,2017-10-18
454,Tristam,Parley,tparleycl@stanford.edu,Male,248.166.92.187,11/05/2018,Portugal,1,2018-11-05
455,Sabrina,Minocchi,sminocchicm@yellowpages.com,Female,89.21.62.43,26/04/2018,Sweden,1,2018-04-26
456,Fletcher,Spinello,fspinellocn@tumblr.com,Male,96.234.103.159,25/03/2018,Poland,1,2018-03-25
457,Rosanna,Witard,rwitardco@constantcontact.com,Female,27.181.238.221,06/08/2018,Germany,1,2018-06-08
458,Greta,Grichukhanov,ggrichukhanovcp@imgur.com,Female,41.84.216.147,15/06/2018,China,1,2018-06-15
459,Pippo,Leisk,pleiskcq@archive.org,Male,80.68.6.73,15/12/2017,Philippines,1,2017-12-15
460,Daisy,Wass,dwasscr@ask.com,Female,174.247.114.121,07/06/2018,Albania,1,2018-07-06
461,Chloe,Orriss,corrisscs@sina.com.cn,Female,82.147.92.147,08/10/2017,Greece,1,2017-08-10
462,Esma,Townsley,etownsleyct@hostgator.com,Female,54.79.177.134,27/11/2017,Peru,1,2017-11-27
463,Margeaux,Costi,mcosticu@dropbox.com,Female,62.80.210.230,31/12/2017,Brazil,1,2017-12-31
464,Terry,Balcock,tbalcockcv@skyrock.com,Male,20.210.37.76,17/04/2018,Bolivia,1,2018-04-17
465,Gay,Saich,gsaichcw@answers.com,Male,91.214.89.146,09/03/2018,China,1,2018-09-03
466,Sarene,Duffil,sduffilcx@psu.edu,Female,88.109.20.81,03/12/2017,China,1,2017-03-12
467,Janeta,Rubertis,jrubertiscy@latimes.com,Female,192.132.21.34,21/02/2018,China,1,2018-02-21
468,Wade,Fewster,wfewstercz@whitehouse.gov,Male,202.105.15.248,06/09/2018,China,1,2018-06-09
469,Honor,Brokenshaw,hbrokenshawd0@mtv.com,Female,44.232.114.102,06/02/2018,Canada,1,2018-06-02
470,Brewster,Bruton,bbrutond1@alexa.com,Male,254.38.21.191,13/05/2018,China,1,2018-05-13
471,Filippo,Caveney,fcaveneyd2@wikimedia.org,Male,190.193.84.57,03/08/2018,Russia,1,2018-03-08
472,Missie,Deppe,mdepped3@t.co,Female,68.171.118.127,03/01/2018,China,1,2018-03-01
473,Dougie,Christofides,dchristofidesd4@cdc.gov,Male,48.241.174.97,08/07/2018,Indonesia,1,2018-08-07
474,Shir,Hinzer,shinzerd5@abc.net.au,Female,169.109.121.206,21/07/2018,Lithuania,1,2018-07-21
475,Elmo,Isgar,eisgard6@mail.ru,Male,181.251.204.116,22/09/2018,Indonesia,1,2018-09-22
476,Andra,Von Welden,avonweldend7@storify.com,Female,76.13.84.7,02/09/2018,China,1,2018-02-09
477,Sisely,Slark,sslarkd8@hugedomains.com,Female,88.211.124.61,12/04/2018,Ireland,1,2018-12-04
478,Rhodie,Fallanche,rfallanched9@google.it,Female,60.62.32.59,15/05/2018,Philippines,1,2018-05-15
479,Lin,Gillam,lgillamda@nytimes.com,Male,63.158.90.2,21/12/2017,Indonesia,1,2017-12-21
480,Turner,Kohlerman,tkohlermandb@eventbrite.com,Male,156.211.37.90,24/02/2018,United States,1,2018-02-24
481,Prinz,Klimentyev,pklimentyevdc@edublogs.org,Male,38.116.1.131,28/08/2018,Ireland,1,2018-08-28
482,Tallie,Phillipps,tphillippsdd@microsoft.com,Male,48.68.29.143,15/01/2018,Poland,1,2018-01-15
483,Lesley,Zorzi,lzorzide@buzzfeed.com,Female,107.167.34.121,30/10/2017,Poland,1,2017-10-30
484,Yard,Gyngyll,ygyngylldf@toplist.cz,Male,149.9.241.119,12/04/2018,Venezuela,1,2018-12-04
485,Leilah,Swains,lswainsdg@cbslocal.com,Female,100.23.150.71,21/04/2018,China,1,2018-04-21
486,Marwin,McKibbin,mmckibbindh@vk.com,Male,240.29.54.76,05/03/2018,China,1,2018-05-03
487,Belia,Farlowe,bfarlowedi@goodreads.com,Female,153.180.75.234,29/03/2018,China,1,2018-03-29
488,Chrissy,Butting,cbuttingdj@imageshack.us,Female,191.186.74.56,13/01/2018,Guatemala,1,2018-01-13
489,Ogdan,Weiss,oweissdk@paypal.com,Male,145.70.197.128,14/03/2018,Venezuela,1,2018-03-14
490,Joella,Duester,jduesterdl@cbslocal.com,Female,50.137.135.86,11/11/2017,Japan,1,2017-11-11
491,Maison,Stute,mstutedm@soundcloud.com,Male,176.219.191.208,04/11/2017,Philippines,1,2017-04-11
492,Melvin,Dolligon,mdolligondn@ca.gov,Male,50.64.153.38,01/08/2018,Russia,1,2018-01-08
493,Chandler,Ruthven,cruthvendo@hubpages.com,Male,112.58.149.10,13/12/2017,Indonesia,1,2017-12-13
494,Orelee,Kerswill,okerswilldp@washingtonpost.com,Female,64.72.95.31,24/12/2017,Chile,1,2017-12-24
495,Andrea,Tomsu,atomsudq@gizmodo.com,Male,58.47.40.199,06/06/2018,Sweden,1,2018-06-06
496,Konstance,Carrack,kcarrackdr@yolasite.com,Female,195.213.227.195,02/04/2018,China,1,2018-02-04
497,Brigitte,Softley,bsoftleyds@europa.eu,Female,138.105.35.95,28/03/2018,China,1,2018-03-28
498,Basilio,Oldred,boldreddt@shutterfly.com,Male,40.197.226.73,24/12/2017,Canada,1,2017-12-24
499,Sibyl,Carbery,scarberydu@squidoo.com,Female,216.131.180.219,04/06/2018,Russia,1,2018-04-06
500,Brandea,Shaddick,bshaddickdv@bluehost.com,Female,225.231.200.223,28/06/2018,Philippines,1,2018-06-28
501,Claudio,Hurdle,churdledw@yahoo.com,Male,214.130.41.216,17/05/2018,Japan,1,2018-05-17
502,Lorie,Studholme,lstudholmedx@exblog.jp,Female,60.32.215.102,15/02/2018,China,1,2018-02-15
503,Anet,Pursehouse,apursehousedy@mapquest.com,Female,131.214.145.81,10/07/2018,Uzbekistan,1,2018-10-07
504,Ninon,Abramowitch,nabramowitchdz@squidoo.com,Female,31.131.194.194,14/03/2018,Indonesia,1,2018-03-14
505,Beryle,Rahlof,brahlofe0@usda.gov,Female,247.69.243.81,10/09/2018,Ukraine,1,2018-10-09
506,Nick,Pancost,npancoste1@nymag.com,Male,61.78.101.87,03/06/2018,China,1,2018-03-06
507,Bradley,Treher,btrehere2@earthlink.net,Male,118.139.184.205,09/08/2018,Philippines,1,2018-09-08
508,Florance,Lagen,flagene3@army.mil,Female,94.73.239.125,01/02/2018,Albania,1,2018-01-02
509,Kassey,Lindwasser,klindwassere4@mac.com,Female,234.135.23.168,30/09/2017,Slovenia,1,2017-09-30
510,Kyla,Brunone,kbrunonee5@whitehouse.gov,Female,78.180.194.171,24/06/2018,Sweden,1,2018-06-24
511,Davis,Siman,dsimane6@vkontakte.ru,Male,242.53.149.15,03/02/2018,Philippines,1,2018-03-02
512,Consuelo,Noddings,cnoddingse7@tiny.cc,Female,25.126.249.115,17/06/2018,China,1,2018-06-17
513,Washington,Gisbey,wgisbeye8@eepurl.com,Male,199.2.160.99,20/04/2018,Canada,1,2018-04-20
514,Henrietta,Morrison,hmorrisone9@clickbank.net,Female,247.171.104.0,29/03/2018,Russia,1,2018-03-29
515,Adelbert,MacPeice,amacpeiceea@google.com.hk,Male,87.101.254.163,01/06/2018,Indonesia,1,2018-01-06
516,Manya,Turford,mturfordeb@ucoz.com,Female,74.78.183.77,27/09/2018,Portugal,1,2018-09-27
517,Ewell,Lasselle,elasselleec@hugedomains.com,Male,172.107.221.118,21/06/2018,Czech Republic,1,2018-06-21
518,Luca,Misken,lmiskened@cbsnews.com,Male,227.170.39.180,21/05/2018,Portugal,1,2018-05-21
519,Milzie,Crosbie,mcrosbieee@mediafire.com,Female,43.93.18.179,21/07/2018,Japan,1,2018-07-21
520,Malva,Lovejoy,mlovejoyef@twitter.com,Female,4.130.91.116,11/01/2018,Russia,1,2018-11-01
521,Mitzi,Schachter,mschachtereg@usa.gov,Female,234.18.183.178,11/06/2018,Nigeria,1,2018-11-06
522,Mathias,Pautard,mpautardeh@techcrunch.com,Male,128.178.191.117,21/07/2018,China,1,2018-07-21
523,Shirlene,Oley,soleyei@hugedomains.com,Female,71.14.69.190,12/09/2018,Myanmar,1,2018-12-09
524,Addy,Spikings,aspikingsej@ovh.net,Female,76.97.63.90,18/04/2018,Indonesia,1,2018-04-18
525,Merlina,Jachtym,mjachtymek@berkeley.edu,Female,85.184.248.43,04/03/2018,France,1,2018-04-03
526,Reese,Erlam,rerlamel@fda.gov,Male,209.251.55.2,14/04/2018,Indonesia,1,2018-04-14
527,Arel,MacQuarrie,amacquarrieem@taobao.com,Male,239.169.9.41,14/05/2018,Indonesia,1,2018-05-14
528,Kenneth,Seddon,kseddonen@histats.com,Male,208.246.116.221,10/12/2017,Russia,1,2017-10-12
529,Niles,Benner,nbennereo@apple.com,Male,0.25.107.208,04/09/2018,Philippines,1,2018-04-09
530,Mellie,Tracey,mtraceyep@theatlantic.com,Female,147.162.64.166,23/04/2018,Indonesia,1,2018-04-23
531,Aksel,Darlasson,adarlassoneq@booking.com,Male,106.176.44.224,14/04/2018,Indonesia,1,2018-04-14
532,Gilberta,Reynalds,greynaldser@multiply.com,Female,190.254.216.251,25/04/2018,Azerbaijan,1,2018-04-25
533,Adoree,Mathey,amatheyes@behance.net,Female,234.77.199.101,20/06/2018,China,1,2018-06-20
534,Ame,Petherick,apethericket@sogou.com,Female,211.144.194.228,18/05/2018,Palestinian Territory,1,2018-05-18
535,Ellwood,Schuelcke,eschuelckeeu@boston.com,Male,40.169.132.170,12/07/2018,South Korea,1,2018-12-07
536,Eugene,Glanville,eglanvilleev@webmd.com,Male,56.191.152.236,20/05/2018,Russia,1,2018-05-20
537,Sunny,Wrightem,swrightemew@patch.com,Male,58.182.35.71,28/09/2017,Philippines,1,2017-09-28
538,Abner,MacFall,amacfallex@illinois.edu,Male,120.93.36.120,30/12/2017,China,1,2017-12-30
539,Chelsey,Rangeley,crangeleyey@bloglines.com,Female,39.167.174.167,28/10/2017,Colombia,1,2017-10-28
540,Calypso,Neles,cnelesez@purevolume.com,Female,112.189.181.50,31/07/2018,Indonesia,1,2018-07-31
541,Monro,Wycherley,mwycherleyf0@sfgate.com,Male,134.146.247.144,26/03/2018,Portugal,1,2018-03-26
542,Georgette,Rapson,grapsonf1@hibu.com,Female,146.23.36.53,03/09/2018,New Zealand,1,2018-03-09
543,Logan,Duckering,lduckeringf2@google.com,Male,23.60.157.147,31/01/2018,Yemen,1,2018-01-31
544,Mikaela,Boyet,mboyetf3@github.io,Female,56.44.177.52,01/11/2017,Thailand,1,2017-01-11
545,Immanuel,Barthelmes,ibarthelmesf4@apache.org,Male,185.123.79.190,22/08/2018,France,1,2018-08-22
546,Benedikt,Alden,baldenf5@e-recht24.de,Male,100.142.179.127,27/02/2018,Costa Rica,1,2018-02-27
547,Rosalind,Talkington,rtalkingtonf6@icq.com,Female,171.135.29.178,05/04/2018,Ukraine,1,2018-05-04
548,Bartholomew,Zannelli,bzannellif7@auda.org.au,Male,148.160.227.58,02/09/2018,China,1,2018-02-09
549,Mathias,Janecki,mjaneckif8@dedecms.com,Male,223.155.55.56,04/03/2018,Costa Rica,1,2018-04-03
550,Hobard,Wallsworth,hwallsworthf9@i2i.jp,Male,190.172.53.156,20/02/2018,France,1,2018-02-20
551,Ellery,Calder,ecalderfa@arstechnica.com,Male,77.78.9.195,08/09/2018,Croatia,1,2018-08-09
552,Doy,Durning,ddurningfb@gmpg.org,Male,10.201.222.114,24/07/2018,Niger,1,2018-07-24
553,Gloriane,Van de Castele,gvandecastelefc@hostgator.com,Female,159.22.71.62,24/08/2018,Poland,1,2018-08-24
554,Loralie,Tracey,ltraceyfd@mtv.com,Female,132.255.169.65,03/04/2018,Indonesia,1,2018-03-04
555,Cherianne,Lavigne,clavignefe@blinklist.com,Female,23.34.196.231,28/07/2018,Gabon,1,2018-07-28
556,Melina,O'Doran,modoranff@alexa.com,Female,30.111.33.208,22/05/2018,Bangladesh,1,2018-05-22
557,Harri,Trevor,htrevorfg@php.net,Female,214.238.139.88,03/07/2018,China,1,2018-03-07
558,Brooks,Chaperling,bchaperlingfh@cdc.gov,Male,66.243.212.196,24/11/2017,Malaysia,1,2017-11-24
559,Abra,Rapi,arapifi@wordpress.com,Female,199.92.155.27,26/01/2018,France,1,2018-01-26
560,Kent,Reyne,kreynefj@domainmarket.com,Male,86.164.63.212,06/06/2018,Philippines,1,2018-06-06
561,Jayson,Kinworthy,jkinworthyfk@friendfeed.com,Male,210.190.175.7,01/01/2018,Philippines,1,2018-01-01
562,Willdon,Crocket,wcrocketfl@macromedia.com,Male,204.85.149.100,18/03/2018,China,1,2018-03-18
563,Nicola,Parnell,nparnellfm@gravatar.com,Female,208.31.119.55,06/05/2018,Japan,1,2018-06-05
564,June,Giacaponi,jgiacaponifn@360.cn,Female,104.10.97.70,13/11/2017,Tunisia,1,2017-11-13
565,Blanch,Shale,bshalefo@altervista.org,Female,241.127.206.12,14/04/2018,Myanmar,1,2018-04-14
566,Avivah,Dinley,adinleyfp@businesswire.com,Female,241.41.177.172,03/07/2018,Indonesia,1,2018-03-07
567,Thorny,Gallahar,tgallaharfq@dailymotion.com,Male,66.229.86.119,04/08/2018,Poland,1,2018-04-08
568,Kenny,Stanlick,kstanlickfr@economist.com,Male,71.89.242.24,13/04/2018,Cuba,1,2018-04-13
569,Betti,Dendon,bdendonfs@photobucket.com,Female,128.181.99.244,22/09/2018,Dominica,1,2018-09-22
570,Gloriana,Eveleigh,geveleighft@earthlink.net,Female,235.162.232.108,06/02/2018,Afghanistan,1,2018-06-02
571,Jasmin,Wells,jwellsfu@homestead.com,Female,236.215.152.129,11/12/2017,Russia,1,2017-11-12
572,Winifield,Mayzes,wmayzesfv@geocities.com,Male,9.62.15.117,26/09/2018,Philippines,1,2018-09-26
573,Maurizio,Havercroft,mhavercroftfw@nydailynews.com,Male,232.164.7.114,20/07/2018,Philippines,1,2018-07-20
574,Bradly,Duffin,bduffinfx@artisteer.com,Male,163.16.58.55,03/03/2018,United States,1,2018-03-03
575,Jonathon,Iwaszkiewicz,jiwaszkiewiczfy@hp.com,Male,33.114.14.200,20/09/2018,United States,1,2018-09-20
576,Devin,Jailler,djaillerfz@sogou.com,Male,68.75.30.102,04/04/2018,Nigeria,1,2018-04-04
577,Dagmar,Balmann,dbalmanng0@surveymonkey.com,Female,167.203.253.75,01/05/2018,Indonesia,1,2018-01-05
578,Malcolm,Torrejon,mtorrejong1@tripadvisor.com,Male,184.194.83.6,16/03/2018,France,1,2018-03-16
579,Mag,Rousell,mrousellg2@etsy.com,Female,244.127.141.158,04/03/2018,Dominican Republic,1,2018-04-03
580,Sarajane,Aish,saishg3@fotki.com,Female,216.230.200.89,13/01/2018,Indonesia,1,2018-01-13
581,Alphonso,Gorhardt,agorhardtg4@wisc.edu,Male,54.159.127.131,20/01/2018,Greece,1,2018-01-20
582,Carlina,Thelwll,cthelwllg5@toplist.cz,Female,147.210.60.43,19/04/2018,Ethiopia,1,2018-04-19
583,Ardelle,Thurlborn,athurlborng6@hubpages.com,Female,46.147.112.211,29/03/2018,Iran,1,2018-03-29
584,Victoria,Asker,vaskerg7@netscape.com,Female,5.123.198.3,16/11/2017,Colombia,1,2017-11-16
585,Mervin,Korf,mkorfg8@altervista.org,Male,201.212.111.251,26/05/2018,Guatemala,1,2018-05-26
586,Stace,Blitz,sblitzg9@eventbrite.com,Female,181.71.7.246,20/09/2018,Russia,1,2018-09-20
587,Sybyl,Hardeman,shardemanga@aboutads.info,Female,79.187.50.135,26/12/2017,French Polynesia,1,2017-12-26
588,Vanessa,Rye,vryegb@harvard.edu,Female,119.188.54.4,05/04/2018,Indonesia,1,2018-05-04
589,Lynnelle,Fryer,lfryergc@pagesperso-orange.fr,Female,115.127.73.200,05/08/2018,Palestinian Territory,1,2018-05-08
590,Calida,Lyddiatt,clyddiattgd@bandcamp.com,Female,71.143.200.68,17/01/2018,Benin,1,2018-01-17
591,Langston,Taylorson,ltaylorsonge@va.gov,Male,83.58.205.214,14/04/2018,Russia,1,2018-04-14
592,Domenic,Lenin,dleningf@over-blog.com,Male,215.72.200.216,18/10/2017,Nigeria,1,2017-10-18
593,Rita,Stych,rstychgg@washington.edu,Female,44.139.222.197,22/02/2018,Paraguay,1,2018-02-22
594,Lowe,Pentin,lpentingh@cbsnews.com,Male,142.155.25.151,21/03/2018,Colombia,1,2018-03-21
595,Mella,Coppard,mcoppardgi@creativecommons.org,Female,143.61.76.5,01/03/2018,Indonesia,1,2018-01-03
596,Jerri,Bohler,jbohlergj@indiatimes.com,Male,214.179.82.9,27/07/2018,China,1,2018-07-27
597,Tucker,Prosh,tproshgk@nationalgeographic.com,Male,79.193.201.65,30/08/2018,Philippines,1,2018-08-30
598,Wendall,Kenington,wkeningtongl@gnu.org,Male,92.209.40.227,10/02/2018,Comoros,1,2018-10-02
599,Jackie,Palay,jpalaygm@themeforest.net,Male,23.226.211.100,05/10/2017,China,1,2017-05-10
600,Allistir,Payn,apayngn@nasa.gov,Male,39.100.109.92,25/03/2018,Nigeria,1,2018-03-25
601,Theobald,Osant,tosantgo@posterous.com,Male,153.0.215.140,15/04/2018,Serbia,1,2018-04-15
602,Padriac,Kubu,pkubugp@tripadvisor.com,Male,198.194.206.230,02/08/2018,Russia,1,2018-02-08
603,Michale,Costley,mcostleygq@discovery.com,Male,3.244.141.200,23/01/2018,China,1,2018-01-23
604,Helenelizabeth,MacAllaster,hmacallastergr@alibaba.com,Female,36.223.153.223,13/10/2017,Argentina,1,2017-10-13
605,Sallie,Bantham,sbanthamgs@pinterest.com,Female,229.206.148.32,21/08/2018,China,1,2018-08-21
606,Gauthier,Gonnelly,ggonnellygt@fastcompany.com,Male,149.0.113.112,04/04/2018,China,1,2018-04-04
607,Vasilis,MacCorley,vmaccorleygu@theatlantic.com,Male,31.140.207.133,02/11/2017,Kazakhstan,1,2017-02-11
608,Keary,Lodwig,klodwiggv@amazon.de,Male,251.149.108.240,04/01/2018,United States,1,2018-04-01
609,Yolanthe,Maceur,ymaceurgw@de.vu,Female,113.44.189.197,01/12/2017,Greece,1,2017-01-12
610,Margy,Avramchik,mavramchikgx@theglobeandmail.com,Female,208.172.8.65,05/09/2018,Mexico,1,2018-05-09
611,Anton,Brunsden,abrunsdengy@phpbb.com,Male,169.192.163.173,26/11/2017,Venezuela,1,2017-11-26
612,Cameron,Olliar,colliargz@msn.com,Male,176.223.85.19,05/05/2018,Philippines,1,2018-05-05
613,Hermine,Morford,hmorfordh0@etsy.com,Female,32.119.240.95,22/07/2018,Russia,1,2018-07-22
614,Annabelle,De Vaan,adevaanh1@yale.edu,Female,240.215.148.45,17/12/2017,China,1,2017-12-17
615,Gussie,Pranger,gprangerh2@ted.com,Female,186.111.104.248,15/12/2017,Jordan,1,2017-12-15
616,Hiram,Grishagin,hgrishaginh3@tripadvisor.com,Male,80.72.206.133,16/05/2018,France,1,2018-05-16
617,Alexis,Spaule,aspauleh4@yahoo.com,Female,146.164.139.124,21/08/2018,Philippines,1,2018-08-21
618,Scott,Reade,sreadeh5@prweb.com,Male,191.241.235.80,05/08/2018,Indonesia,1,2018-05-08
619,Tobias,Hilbourne,thilbourneh6@wikimedia.org,Male,152.197.76.74,20/05/2018,China,1,2018-05-20
620,Ransell,Stoodley,rstoodleyh7@xinhuanet.com,Male,145.172.144.165,14/01/2018,Indonesia,1,2018-01-14
621,Jens,Cruddas,jcruddash8@amazon.co.jp,Male,123.17.51.170,22/07/2018,China,1,2018-07-22
622,Roanne,Cassar,rcassarh9@vk.com,Female,73.160.199.128,03/09/2018,China,1,2018-03-09
623,Jessalin,Blanckley,jblanckleyha@cdc.gov,Female,102.31.104.62,03/11/2017,Philippines,1,2017-03-11
624,Jonathan,Vokes,jvokeshb@columbia.edu,Male,35.13.109.26,07/03/2018,Serbia,1,2018-07-03
625,Natty,Aleso,nalesohc@pinterest.com,Male,174.32.162.101,18/07/2018,China,1,2018-07-18
626,Filberte,Lumby,flumbyhd@who.int,Male,160.11.209.130,23/08/2018,Indonesia,1,2018-08-23
627,Hersch,Janicki,hjanickihe@theglobeandmail.com,Male,3.128.219.81,20/05/2018,France,1,2018-05-20
628,Ninon,Blabie,nblabiehf@springer.com,Female,97.250.116.251,25/08/2018,Colombia,1,2018-08-25
629,Marvin,Ambroziak,mambroziakhg@chicagotribune.com,Male,173.194.231.57,10/12/2017,China,1,2017-10-12
630,Bartlet,Hacaud,bhacaudhh@sitemeter.com,Male,55.194.127.126,14/11/2017,Kazakhstan,1,2017-11-14
631,Burnard,Shovlin,bshovlinhi@discuz.net,Male,251.237.61.112,11/02/2018,China,1,2018-11-02
632,Rosco,Tembey,rtembeyhj@hc360.com,Male,187.59.162.123,26/11/2017,Philippines,1,2017-11-26
633,Jacky,Hallbord,jhallbordhk@moonfruit.com,Male,182.178.230.64,27/01/2018,China,1,2018-01-27
634,Barbie,Melvin,bmelvinhl@upenn.edu,Female,134.108.57.205,15/04/2018,Serbia,1,2018-04-15
635,Wynn,Faas,wfaashm@omniture.com,Male,66.34.189.82,28/06/2018,Canada,1,2018-06-28
636,Richart,Sharkey,rsharkeyhn@nbcnews.com,Male,228.251.203.88,14/01/2018,Brazil,1,2018-01-14
637,Lockwood,Chrispin,lchrispinho@merriam-webster.com,Male,48.57.90.38,17/07/2018,United States,1,2018-07-17
638,Roxanne,Sawell,rsawellhp@printfriendly.com,Female,207.27.189.254,07/01/2018,Nigeria,1,2018-07-01
639,Reiko,Drezzer,rdrezzerhq@qq.com,Female,165.30.140.52,08/10/2017,Ethiopia,1,2017-08-10
640,Aura,Tinniswood,atinniswoodhr@moonfruit.com,Female,209.11.186.219,26/01/2018,China,1,2018-01-26
641,Joshuah,Woodburn,jwoodburnhs@4shared.com,Male,201.127.202.161,10/05/2018,Sweden,1,2018-10-05
642,Shaine,McCracken,smccrackenht@skyrock.com,Male,166.218.168.95,19/12/2017,Brazil,1,2017-12-19
643,Tiffani,Ellerker,tellerkerhu@tamu.edu,Female,218.106.107.138,25/05/2018,Russia,1,2018-05-25
644,Filberte,Ohrtmann,fohrtmannhv@comcast.net,Male,184.202.116.75,01/04/2018,Sweden,1,2018-01-04
645,Clementius,Snartt,csnartthw@imdb.com,Male,36.110.29.144,19/03/2018,Vietnam,1,2018-03-19
646,Rollins,Josuweit,rjosuweithx@bizjournals.com,Male,25.138.103.46,14/12/2017,Indonesia,1,2017-12-14
647,Lynde,Dobell,ldobellhy@e-recht24.de,Female,99.138.73.22,12/06/2018,China,1,2018-12-06
648,Bertha,Handes,bhandeshz@microsoft.com,Female,87.74.168.54,28/07/2018,China,1,2018-07-28
649,Jewel,Salter,jsalteri0@jugem.jp,Female,213.140.199.105,14/08/2018,Azerbaijan,1,2018-08-14
650,Ludovika,Button,lbuttoni1@prnewswire.com,Female,6.8.236.84,11/05/2018,Indonesia,1,2018-11-05
651,Brigid,Penrith,bpenrithi2@blogger.com,Female,26.210.1.161,07/02/2018,Armenia,1,2018-07-02
652,Stavro,Wolland,swollandi3@cbc.ca,Male,24.221.99.81,01/04/2018,Portugal,1,2018-01-04
653,Payton,Sherrott,psherrotti4@wufoo.com,Male,169.35.222.129,01/06/2018,Indonesia,1,2018-01-06
654,Karlan,Arnley,karnleyi5@163.com,Male,244.23.23.111,01/09/2018,Democratic Republic of the Congo,1,2018-01-09
655,Natalya,Shellcross,nshellcrossi6@chronoengine.com,Female,153.92.22.151,25/01/2018,Germany,1,2018-01-25
656,Hamish,Senechault,hsenechaulti7@wikipedia.org,Male,76.200.148.247,05/12/2017,Philippines,1,2017-05-12
657,Phillida,Sobtka,psobtkai8@smugmug.com,Female,140.106.118.153,21/08/2018,United States,1,2018-08-21
658,Damon,Ockendon,dockendoni9@psu.edu,Male,154.109.75.7,19/12/2017,Bangladesh,1,2017-12-19
659,Bat,Totterdell,btotterdellia@guardian.co.uk,Male,22.41.58.60,01/11/2017,South Korea,1,2017-01-11
660,Rodrique,Lehmann,rlehmannib@newsvine.com,Male,28.210.71.74,19/12/2017,Sweden,1,2017-12-19
661,Wilt,Perrygo,wperrygoic@dropbox.com,Male,32.22.169.50,27/05/2018,China,1,2018-05-27
662,Hamlen,Saltmarshe,hsaltmarsheid@sbwire.com,Male,207.25.120.19,24/03/2018,Czech Republic,1,2018-03-24
663,Jilli,O'Shields,joshieldsie@businessweek.com,Female,144.98.36.193,02/12/2017,Belarus,1,2017-02-12
664,Loleta,Bris,lbrisif@spiegel.de,Female,120.58.245.73,24/04/2018,Guatemala,1,2018-04-24
665,Noella,Tribbeck,ntribbeckig@theglobeandmail.com,Female,92.136.81.189,29/07/2018,Somalia,1,2018-07-29
666,Kenton,Bruntjen,kbruntjenih@amazon.de,Male,226.103.66.24,22/09/2018,Czech Republic,1,2018-09-22
667,Ferdinande,MacGiolla Pheadair,fmacgiollapheadairii@omniture.com,Female,162.178.10.167,28/03/2018,Poland,1,2018-03-28
668,Sascha,Sute,ssuteij@noaa.gov,Female,2.232.67.238,19/11/2017,China,1,2017-11-19
669,Conan,Golson,cgolsonik@cnbc.com,Male,238.9.63.120,08/07/2018,France,1,2018-08-07
670,Averill,La Torre,alatorreil@bluehost.com,Male,22.12.184.138,13/05/2018,Sweden,1,2018-05-13
671,Raffarty,Eagling,reaglingim@w3.org,Male,23.170.65.21,02/09/2018,Greece,1,2018-02-09
672,Maximo,Turney,mturneyin@t.co,Male,251.128.65.0,21/12/2017,Portugal,1,2017-12-21
673,Lance,Brothers,lbrothersio@free.fr,Male,61.246.16.199,11/07/2018,China,1,2018-11-07
674,Hank,Coney,hconeyip@shinystat.com,Male,205.134.43.86,24/04/2018,Japan,1,2018-04-24
675,Stace,Gammack,sgammackiq@google.cn,Female,124.40.225.86,06/07/2018,Philippines,1,2018-06-07
676,Rosco,Shemilt,rshemiltir@networksolutions.com,Male,187.172.206.91,03/05/2018,Mauritius,1,2018-03-05
677,Simone,Greenhall,sgreenhallis@uiuc.edu,Male,67.188.152.123,11/07/2018,Nigeria,1,2018-11-07
678,Roman,Seeger,rseegerit@bluehost.com,Male,96.209.164.219,24/11/2017,Russia,1,2017-11-24
679,Ban,Blacket,bblacketiu@scientificamerican.com,Male,3.154.107.34,19/07/2018,Indonesia,1,2018-07-19
680,Rainer,Dulwich,rdulwichiv@phoca.cz,Male,118.45.26.186,30/09/2017,Argentina,1,2017-09-30
681,Denver,Trimmell,dtrimmelliw@flickr.com,Male,193.129.28.42,11/06/2018,Russia,1,2018-11-06
682,Selia,Misken,smiskenix@liveinternet.ru,Female,58.34.255.124,04/08/2018,Mongolia,1,2018-04-08
683,Aldis,Ingyon,aingyoniy@japanpost.jp,Male,121.241.219.30,23/05/2018,Japan,1,2018-05-23
684,Laural,Trazzi,ltrazziiz@dion.ne.jp,Female,30.123.133.149,07/05/2018,France,1,2018-07-05
685,Veronica,Coyett,vcoyettj0@hibu.com,Female,194.39.8.187,24/06/2018,Tanzania,1,2018-06-24
686,Luise,Rens,lrensj1@nps.gov,Female,192.11.200.200,13/06/2018,Finland,1,2018-06-13
687,Erinna,Monketon,emonketonj2@lycos.com,Female,103.174.68.139,11/03/2018,China,1,2018-11-03
688,Cleveland,Furness,cfurnessj3@msn.com,Male,156.195.165.46,29/08/2018,China,1,2018-08-29
689,Darline,Reddoch,dreddochj4@mlb.com,Female,137.31.210.15,09/12/2017,Russia,1,2017-09-12
690,Gwenora,Olivello,golivelloj5@blogtalkradio.com,Female,248.180.209.28,23/09/2018,Japan,1,2018-09-23
691,Harrison,Penquet,hpenquetj6@1688.com,Male,203.63.201.216,16/03/2018,China,1,2018-03-16
692,Lorraine,Wardingly,lwardinglyj7@seattletimes.com,Female,150.241.205.122,10/06/2018,Japan,1,2018-10-06
693,Wildon,Jelly,wjellyj8@acquirethisname.com,Male,149.43.125.158,09/11/2017,Argentina,1,2017-09-11
694,Enoch,Hakonsson,ehakonssonj9@alibaba.com,Male,17.202.231.164,06/03/2018,China,1,2018-06-03
695,Olympe,Cleaton,ocleatonja@bigcartel.com,Female,45.186.207.253,06/12/2017,Denmark,1,2017-06-12
696,Abra,Dehm,adehmjb@ustream.tv,Female,73.191.91.250,21/01/2018,Canada,1,2018-01-21
697,Cathy,Quemby,cquembyjc@jiathis.com,Female,254.108.175.68,15/11/2017,Indonesia,1,2017-11-15
698,Eirena,Kennford,ekennfordjd@instagram.com,Female,104.12.173.28,10/03/2018,Honduras,1,2018-10-03
699,Dena,Wollaston,dwollastonje@bloomberg.com,Female,172.85.125.105,05/06/2018,Philippines,1,2018-05-06
700,Francois,Honisch,fhonischjf@cocolog-nifty.com,Male,109.183.160.24,11/10/2017,Australia,1,2017-11-10
701,Perice,Northidge,pnorthidgejg@devhub.com,Male,80.153.251.140,31/12/2017,China,1,2017-12-31
702,Gerik,Arnot,garnotjh@storify.com,Male,27.144.62.140,11/02/2018,Bangladesh,1,2018-11-02
703,Sinclare,Eberz,seberzji@samsung.com,Male,103.137.176.235,17/11/2017,China,1,2017-11-17
704,Jamie,Haugen,jhaugenjj@over-blog.com,Male,63.210.176.6,04/04/2018,Japan,1,2018-04-04
705,Grete,Clowsley,gclowsleyjk@google.it,Female,140.152.153.239,03/10/2017,Portugal,1,2017-03-10
706,Ardelle,Isaksson,aisakssonjl@ehow.com,Female,231.206.146.242,03/01/2018,Egypt,1,2018-03-01
707,Kala,Rexworthy,krexworthyjm@acquirethisname.com,Female,154.162.214.197,10/07/2018,Sweden,1,2018-10-07
708,Estele,Spilsted,espilstedjn@comcast.net,Female,199.90.123.86,26/10/2017,Aland Islands,1,2017-10-26
709,Sabrina,Sprowle,ssprowlejo@merriam-webster.com,Female,197.204.91.55,18/08/2018,United States,1,2018-08-18
710,Valina,Terrill,vterrilljp@123-reg.co.uk,Female,82.8.78.54,01/03/2018,China,1,2018-01-03
711,Chelsae,Trusse,ctrussejq@ebay.co.uk,Female,173.218.191.195,07/05/2018,Indonesia,1,2018-07-05
712,Thatcher,Ferencowicz,tferencowiczjr@seattletimes.com,Male,241.99.89.191,11/05/2018,Sweden,1,2018-11-05
713,Astra,Caws,acawsjs@mac.com,Female,93.225.151.79,08/06/2018,Indonesia,1,2018-08-06
714,Brion,Leahy,bleahyjt@dagondesign.com,Male,207.82.242.118,24/10/2017,Brazil,1,2017-10-24
715,Tabbie,McCallam,tmccallamju@aboutads.info,Female,122.73.167.143,26/12/2017,Denmark,1,2017-12-26
716,Burgess,Haskey,bhaskeyjv@i2i.jp,Male,201.8.129.36,29/04/2018,China,1,2018-04-29
717,June,Coo,jcoojw@topsy.com,Female,131.91.150.211,05/02/2018,Zambia,1,2018-05-02
718,Giordano,Mariaud,gmariaudjx@forbes.com,Male,145.32.202.77,12/11/2017,Greece,1,2017-12-11
719,Gard,Bonas,gbonasjy@privacy.gov.au,Male,26.172.173.168,18/02/2018,China,1,2018-02-18
720,Isaiah,Skakunas,iskakunasjz@typepad.com,Male,230.80.27.55,05/11/2017,Ukraine,1,2017-05-11
721,Alayne,Koppelmann,akoppelmannk0@cmu.edu,Female,167.197.43.164,04/08/2018,Poland,1,2018-04-08
722,Daria,Lampkin,dlampkink1@meetup.com,Female,181.217.196.37,20/10/2017,Greece,1,2017-10-20
723,Neala,Vaughan,nvaughank2@360.cn,Female,195.199.120.130,22/02/2018,Indonesia,1,2018-02-22
724,Derrick,Menghi,dmenghik3@newyorker.com,Male,130.161.208.158,10/11/2017,Vietnam,1,2017-10-11
725,Alanson,Henmarsh,ahenmarshk4@businessinsider.com,Male,144.110.148.94,05/09/2018,Indonesia,1,2018-05-09
726,Connie,Dunsford,cdunsfordk5@photobucket.com,Female,25.115.86.225,25/03/2018,Russia,1,2018-03-25
727,Arlyne,Cothey,acotheyk6@e-recht24.de,Female,23.132.59.228,28/04/2018,Indonesia,1,2018-04-28
728,Wendall,Kennefick,wkennefickk7@cam.ac.uk,Male,116.217.142.39,08/07/2018,Greece,1,2018-08-07
729,Weidar,Hegley,whegleyk8@biblegateway.com,Male,206.30.70.49,01/03/2018,Sweden,1,2018-01-03
730,Gertrud,Ceillier,gceillierk9@mediafire.com,Female,172.240.170.227,20/02/2018,Indonesia,1,2018-02-20
731,Brod,Danilin,bdanilinka@dailymail.co.uk,Male,48.19.176.114,18/06/2018,China,1,2018-06-18
732,Patty,Soles,psoleskb@privacy.gov.au,Female,133.45.162.173,21/08/2018,Czech Republic,1,2018-08-21
733,Devora,Simonou,dsimonoukc@prlog.org,Female,249.12.165.82,14/01/2018,United States,1,2018-01-14
734,Farlee,Berrey,fberreykd@bbc.co.uk,Male,145.63.160.43,16/11/2017,Croatia,1,2017-11-16
735,Lynea,Duddle,lduddleke@google.it,Female,22.46.204.73,05/08/2018,Poland,1,2018-05-08
736,Weylin,Leming,wlemingkf@cafepress.com,Male,151.190.12.57,19/10/2017,China,1,2017-10-19
737,Hadley,Armall,harmallkg@eventbrite.com,Male,165.36.199.8,13/05/2018,China,1,2018-05-13
738,Cory,Cater,ccaterkh@globo.com,Female,96.160.35.96,30/07/2018,Northern Mariana Islands,1,2018-07-30
739,Fritz,Lorans,floranski@infoseek.co.jp,Male,139.121.78.66,27/12/2017,Portugal,1,2017-12-27
740,Paxton,Fielders,pfielderskj@surveymonkey.com,Male,235.78.143.174,10/02/2018,France,1,2018-10-02
741,Hendrick,Lohering,hloheringkk@posterous.com,Male,162.43.66.43,24/06/2018,Indonesia,1,2018-06-24
742,Hortensia,Nurdin,hnurdinkl@deviantart.com,Female,106.120.182.156,04/05/2018,Kazakhstan,1,2018-04-05
743,Orella,Gelland,ogellandkm@reddit.com,Female,26.3.230.224,26/04/2018,Philippines,1,2018-04-26
744,Mattie,Barstow,mbarstowkn@ucoz.ru,Female,178.204.164.152,24/10/2017,Russia,1,2017-10-24
745,Chip,Thunders,cthundersko@bandcamp.com,Male,28.76.207.161,22/10/2017,Denmark,1,2017-10-22
746,Dalis,Killcross,dkillcrosskp@foxnews.com,Male,157.70.146.34,28/03/2018,Comoros,1,2018-03-28
747,Suzanne,Lashmore,slashmorekq@discovery.com,Female,137.46.107.154,25/07/2018,Morocco,1,2018-07-25
748,Barbra,Genney,bgenneykr@noaa.gov,Female,163.44.30.103,02/11/2017,United States,1,2017-02-11
749,Debra,Philippon,dphilipponks@dagondesign.com,Female,214.157.211.6,23/08/2018,Portugal,1,2018-08-23
750,Willem,Wheadon,wwheadonkt@chron.com,Male,74.69.126.243,20/12/2017,Ireland,1,2017-12-20
751,Yetty,Jedras,yjedrasku@nps.gov,Female,5.124.217.111,24/04/2018,Philippines,1,2018-04-24
752,Buddy,Jorge,bjorgekv@rediff.com,Male,35.205.109.4,01/10/2017,Argentina,1,2017-01-10
753,Wendeline,Alcalde,walcaldekw@dailymail.co.uk,Female,161.1.42.140,27/09/2018,Indonesia,1,2018-09-27
754,Sandy,Sickert,ssickertkx@nature.com,Male,24.21.88.196,01/05/2018,Indonesia,1,2018-01-05
755,Arline,Mewha,amewhaky@php.net,Female,225.201.111.25,08/07/2018,Chile,1,2018-08-07
756,Malvin,Dillon,mdillonkz@cbc.ca,Male,102.194.39.157,03/10/2017,Brazil,1,2017-03-10
757,Dunn,Atheis,datheisl0@mozilla.com,Male,11.103.190.0,17/07/2018,Indonesia,1,2018-07-17
758,Erica,Akitt,eakittl1@hibu.com,Female,188.175.107.241,20/10/2017,Serbia,1,2017-10-20
759,Donavon,Arthurs,darthursl2@reddit.com,Male,43.84.177.198,20/05/2018,Faroe Islands,1,2018-05-20
760,Candace,Gaskall,cgaskalll3@tinypic.com,Female,89.2.239.103,03/04/2018,Albania,1,2018-03-04
761,Britni,Doble,bdoblel4@meetup.com,Female,235.105.45.87,19/08/2018,China,1,2018-08-19
762,Marlyn,Bernardinelli,mbernardinellil5@imdb.com,Female,29.118.94.57,29/07/2018,China,1,2018-07-29
763,Wiley,Petry,wpetryl6@studiopress.com,Male,73.4.64.129,19/09/2018,Indonesia,1,2018-09-19
764,Denys,Yarr,dyarrl7@salon.com,Male,71.15.51.124,28/11/2017,Uzbekistan,1,2017-11-28
765,Cassey,Tzuker,ctzukerl8@last.fm,Female,153.108.122.102,06/07/2018,Philippines,1,2018-06-07
766,Valerie,Munroe,vmunroel9@squidoo.com,Female,134.77.186.189,04/04/2018,Greece,1,2018-04-04
767,Phip,Leith-Harvey,pleithharveyla@ameblo.jp,Male,168.54.219.61,18/10/2017,Malaysia,1,2017-10-18
768,Bobbie,Corinton,bcorintonlb@mediafire.com,Female,225.197.39.91,03/07/2018,Sweden,1,2018-03-07
769,Patrizius,Twinning,ptwinninglc@hatena.ne.jp,Male,57.71.238.178,09/05/2018,United States,1,2018-09-05
770,Stu,McLeod,smcleodld@ask.com,Male,166.90.204.248,22/04/2018,Japan,1,2018-04-22
771,Padraig,Kellock,pkellockle@chronoengine.com,Male,231.30.110.246,19/03/2018,Philippines,1,2018-03-19
772,Silvia,Durbridge,sdurbridgelf@imgur.com,Female,202.241.174.31,09/08/2018,France,1,2018-09-08
773,Mead,Capun,mcapunlg@chicagotribune.com,Female,58.112.127.254,08/04/2018,Chile,1,2018-08-04
774,Fidela,Teodoro,fteodorolh@example.com,Female,94.107.227.33,02/05/2018,China,1,2018-02-05
775,Thomas,De Lasci,tdelascili@nsw.gov.au,Male,37.169.164.69,20/11/2017,Portugal,1,2017-11-20
776,Star,Brass,sbrasslj@sciencedaily.com,Female,86.30.248.246,08/01/2018,Philippines,1,2018-08-01
777,Putnam,Rizzo,prizzolk@gmpg.org,Male,108.103.58.8,18/12/2017,France,1,2017-12-18
778,Talia,Windaybank,twindaybankll@nsw.gov.au,Female,62.131.255.65,01/01/2018,Honduras,1,2018-01-01
779,Anetta,Farney,afarneylm@constantcontact.com,Female,91.190.208.53,16/04/2018,Guatemala,1,2018-04-16
780,Rod,Maultby,rmaultbyln@google.co.uk,Male,214.67.185.9,17/10/2017,Ecuador,1,2017-10-17
781,Shayla,Gostridge,sgostridgelo@tinypic.com,Female,207.73.115.25,21/02/2018,Russia,1,2018-02-21
782,Leupold,Falkous,lfalkouslp@barnesandnoble.com,Male,126.157.232.108,09/02/2018,Sweden,1,2018-09-02
783,Davey,Wilderspoon,dwilderspoonlq@1und1.de,Male,59.112.34.12,24/09/2018,China,1,2018-09-24
784,Terence,Morston,tmorstonlr@multiply.com,Male,42.60.69.174,28/06/2018,Poland,1,2018-06-28
785,Alexandro,Benzing,abenzingls@latimes.com,Male,182.176.115.1,19/05/2018,Japan,1,2018-05-19
786,Anton,McDonogh,amcdonoghlt@tinypic.com,Male,202.6.248.22,31/08/2018,Poland,1,2018-08-31
787,Gasper,Scrancher,gscrancherlu@tmall.com,Male,61.98.212.53,19/11/2017,Zambia,1,2017-11-19
788,Major,Weyman,mweymanlv@gravatar.com,Male,147.2.55.67,18/11/2017,Poland,1,2017-11-18
789,Leonerd,Pedroli,lpedrolilw@icq.com,Male,190.246.119.181,11/06/2018,Mongolia,1,2018-11-06
790,Brook,Burridge,bburridgelx@ow.ly,Male,48.70.178.98,04/09/2018,China,1,2018-04-09
791,Neilla,Zecchetti,nzecchettily@unc.edu,Female,113.14.233.203,10/08/2018,Poland,1,2018-10-08
792,Sallee,Throughton,sthroughtonlz@cbc.ca,Female,25.187.4.100,30/09/2017,Norway,1,2017-09-30
793,Darda,Antonik,dantonikm0@hc360.com,Female,130.188.115.253,25/03/2018,Portugal,1,2018-03-25
794,Rodina,O'Glassane,roglassanem1@cocolog-nifty.com,Female,157.220.133.101,27/06/2018,Brazil,1,2018-06-27
795,Eal,Petow,epetowm2@e-recht24.de,Male,41.148.254.90,20/04/2018,Portugal,1,2018-04-20
796,Alexandrina,Endicott,aendicottm3@eventbrite.com,Female,39.225.130.67,03/04/2018,Russia,1,2018-03-04
797,Ilysa,Haglington,ihaglingtonm4@scientificamerican.com,Female,210.10.49.242,24/03/2018,Indonesia,1,2018-03-24
798,Ev,McCoole,emccoolem5@admin.ch,Male,220.157.169.189,13/10/2017,Croatia,1,2017-10-13
799,Aluino,Bowles,abowlesm6@washingtonpost.com,Male,171.10.217.32,03/08/2018,Greece,1,2018-03-08
800,Darda,Friedank,dfriedankm7@mayoclinic.com,Female,49.19.25.94,18/04/2018,China,1,2018-04-18
801,Tull,Rowen,trowenm8@toplist.cz,Male,140.167.228.234,01/01/2018,China,1,2018-01-01
802,Morna,Rameau,mrameaum9@squarespace.com,Female,13.216.155.105,13/01/2018,Armenia,1,2018-01-13
803,Nada,Garaghan,ngaraghanma@wikimedia.org,Female,61.107.0.37,25/07/2018,Argentina,1,2018-07-25
804,Dona,Coffey,dcoffeymb@ask.com,Female,163.181.186.228,23/10/2017,Sweden,1,2017-10-23
805,Dierdre,Sumpter,dsumptermc@mac.com,Female,50.213.91.17,13/09/2018,Indonesia,1,2018-09-13
806,Silvana,Hull,shullmd@etsy.com,Female,42.8.26.174,08/04/2018,Czech Republic,1,2018-08-04
807,Rudd,Rowsel,rrowselme@amazon.com,Male,141.253.66.112,21/02/2018,Brazil,1,2018-02-21
808,Renelle,Harmar,rharmarmf@prlog.org,Female,33.230.211.236,06/05/2018,Macedonia,1,2018-06-05
809,Amos,Leggon,aleggonmg@upenn.edu,Male,235.35.116.54,17/01/2018,Ethiopia,1,2018-01-17
810,Candace,Stearne,cstearnemh@tmall.com,Female,185.57.229.185,17/08/2018,Honduras,1,2018-08-17
811,Ruthy,Abbett,rabbettmi@wp.com,Female,240.122.185.240,28/05/2018,China,1,2018-05-28
812,Rainer,Litel,rlitelmj@techcrunch.com,Male,42.103.223.94,03/03/2018,Pakistan,1,2018-03-03
813,Sarine,Nice,snicemk@de.vu,Female,94.231.166.11,11/09/2018,Jamaica,1,2018-11-09
814,Willyt,Tomlins,wtomlinsml@opera.com,Female,199.33.113.18,06/05/2018,China,1,2018-06-05
815,Melloney,Dooney,mdooneymm@infoseek.co.jp,Female,191.195.94.227,26/05/2018,Indonesia,1,2018-05-26
816,Virgie,Choke,vchokemn@hexun.com,Male,167.43.54.179,16/01/2018,China,1,2018-01-16
817,Kalinda,Babinski,kbabinskimo@geocities.jp,Female,206.51.201.210,01/12/2017,Indonesia,1,2017-01-12
818,Ernestine,Baughen,ebaughenmp@typepad.com,Female,228.241.170.52,26/02/2018,Sierra Leone,1,2018-02-26
819,Daniela,Raynton,drayntonmq@discuz.net,Female,31.13.179.9,02/07/2018,China,1,2018-02-07
820,Brodie,Muckle,bmucklemr@examiner.com,Male,41.194.119.102,24/01/2018,Greece,1,2018-01-24
821,Skylar,Skpsey,sskpseyms@aol.com,Male,28.48.220.210,11/07/2018,Indonesia,1,2018-11-07
822,Leicester,Burleton,lburletonmt@nps.gov,Male,135.159.250.241,14/03/2018,Philippines,1,2018-03-14
823,Merralee,Daly,mdalymu@livejournal.com,Female,62.59.204.8,19/01/2018,China,1,2018-01-19
824,Elia,Cassimer,ecassimermv@skype.com,Male,4.241.211.134,09/09/2018,Egypt,1,2018-09-09
825,Devina,Colten,dcoltenmw@java.com,Female,195.227.174.120,30/11/2017,Poland,1,2017-11-30
826,Humfrid,Aldie,haldiemx@xrea.com,Male,24.61.160.60,23/11/2017,Macedonia,1,2017-11-23
827,Raeann,Morbey,rmorbeymy@merriam-webster.com,Female,195.79.186.14,25/12/2017,Sweden,1,2017-12-25
828,Corey,Grisenthwaite,cgrisenthwaitemz@vk.com,Female,198.167.123.230,13/03/2018,Bangladesh,1,2018-03-13
829,Lars,Tumbelty,ltumbeltyn0@opensource.org,Male,142.85.167.96,04/10/2017,Russia,1,2017-04-10
830,Jerrylee,Jochen,jjochenn1@geocities.com,Female,185.181.130.112,16/11/2017,Nepal,1,2017-11-16
831,Amandi,Hunnywell,ahunnywelln2@sourceforge.net,Female,230.59.139.157,27/07/2018,Russia,1,2018-07-27
832,Scarface,Abberley,sabberleyn3@163.com,Male,61.67.243.124,13/05/2018,Russia,1,2018-05-13
833,Beilul,Bunclark,bbunclarkn4@nbcnews.com,Female,119.42.221.94,18/03/2018,Bulgaria,1,2018-03-18
834,Gorden,Pinkett,gpinkettn5@cdc.gov,Male,150.167.27.175,19/09/2018,China,1,2018-09-19
835,Reinaldos,Libby,rlibbyn6@flickr.com,Male,144.40.238.22,07/03/2018,Greece,1,2018-07-03
836,Dilly,Elward,delwardn7@jugem.jp,Male,145.208.173.163,25/08/2018,China,1,2018-08-25
837,Jere,Soigne,jsoignen8@technorati.com,Female,238.224.142.155,22/02/2018,Egypt,1,2018-02-22
838,Liana,Billingsley,lbillingsleyn9@seattletimes.com,Female,25.103.211.227,04/07/2018,China,1,2018-04-07
839,Aksel,Chetwind,achetwindna@technorati.com,Male,79.242.193.229,17/07/2018,Indonesia,1,2018-07-17
840,Chiquia,Dulen,cdulennb@buzzfeed.com,Female,88.255.247.157,14/04/2018,Indonesia,1,2018-04-14
841,Nickola,MacMorland,nmacmorlandnc@1und1.de,Male,244.108.225.140,14/10/2017,Venezuela,1,2017-10-14
842,Corbie,Kik,ckiknd@fc2.com,Male,11.223.151.181,27/02/2018,Iran,1,2018-02-27
843,Valentine,Ethersey,vetherseyne@cnn.com,Female,106.115.125.185,22/08/2018,Japan,1,2018-08-22
844,Paquito,Devonshire,pdevonshirenf@ox.ac.uk,Male,24.176.178.217,20/09/2018,China,1,2018-09-20
845,Querida,Billinge,qbillingeng@businessweek.com,Female,191.69.51.150,09/04/2018,New Zealand,1,2018-09-04
846,Olly,MacKimm,omackimmnh@histats.com,Female,174.174.158.129,10/07/2018,China,1,2018-10-07
847,Doe,Stockill,dstockillni@google.ru,Female,18.164.200.250,30/09/2017,Russia,1,2017-09-30
848,Archambault,Vedeshkin,avedeshkinnj@weibo.com,Male,189.223.65.16,08/01/2018,Indonesia,1,2018-08-01
849,Myrtle,Thicking,mthickingnk@theguardian.com,Female,94.109.8.72,10/05/2018,China,1,2018-10-05
850,Granger,Francais,gfrancaisnl@sogou.com,Male,133.172.78.72,01/05/2018,Brazil,1,2018-01-05
851,Sharyl,McCulloch,smccullochnm@addtoany.com,Female,193.231.159.198,13/11/2017,Philippines,1,2017-11-13
852,Cloris,Bumphries,cbumphriesnn@deviantart.com,Female,254.62.46.174,24/03/2018,Indonesia,1,2018-03-24
853,Jada,Dunton,jduntonno@t.co,Female,10.70.105.161,23/12/2017,Bolivia,1,2017-12-23
854,Clarisse,Vasin,cvasinnp@mail.ru,Female,75.184.200.178,22/08/2018,China,1,2018-08-22
855,Lion,Bohey,lboheynq@samsung.com,Male,192.236.31.152,24/04/2018,China,1,2018-04-24
856,Bab,McAuley,bmcauleynr@fema.gov,Female,92.4.65.15,12/01/2018,Philippines,1,2018-12-01
857,Carry,Bulch,cbulchns@last.fm,Female,26.107.236.213,27/04/2018,Afghanistan,1,2018-04-27
858,Debora,Litherland,dlitherlandnt@usda.gov,Female,183.117.16.123,13/08/2018,Botswana,1,2018-08-13
859,Grenville,Darrow,gdarrownu@cnn.com,Male,234.205.153.244,29/06/2018,Czech Republic,1,2018-06-29
860,Jacqueline,Simmonds,jsimmondsnv@youku.com,Female,35.159.213.39,08/03/2018,Russia,1,2018-08-03
861,Barrie,Bonnavant,bbonnavantnw@boston.com,Male,161.177.190.36,16/01/2018,Philippines,1,2018-01-16
862,Rockey,Gambrell,rgambrellnx@army.mil,Male,56.59.176.98,18/08/2018,Benin,1,2018-08-18
863,Arlina,Campes,acampesny@sfgate.com,Female,186.131.230.44,04/07/2018,Russia,1,2018-04-07
864,Osmund,Wolfart,owolfartnz@alexa.com,Male,62.117.203.77,17/12/2017,Russia,1,2017-12-17
865,Beau,Millins,bmillinso0@nasa.gov,Male,252.102.92.209,09/02/2018,Poland,1,2018-09-02
866,Roslyn,Danis,rdaniso1@dailymail.co.uk,Female,110.205.61.100,31/03/2018,Portugal,1,2018-03-31
867,Shirlene,Beecraft,sbeecrafto2@mozilla.com,Female,120.135.230.110,11/06/2018,Nigeria,1,2018-11-06
868,Traver,Snasel,tsnaselo3@booking.com,Male,230.107.47.19,26/04/2018,China,1,2018-04-26
869,Carolyn,Goodbanne,cgoodbanneo4@spotify.com,Female,197.233.39.122,20/04/2018,China,1,2018-04-20
870,George,Bothe,gbotheo5@exblog.jp,Male,174.210.106.47,31/08/2018,Peru,1,2018-08-31
871,Charmane,Nicholson,cnicholsono6@buzzfeed.com,Female,128.82.148.74,03/08/2018,Myanmar,1,2018-03-08
872,Adora,Diggin,adiggino7@pcworld.com,Female,159.153.75.145,14/02/2018,Ukraine,1,2018-02-14
873,Claudianus,Melato,cmelatoo8@aboutads.info,Male,97.84.216.163,08/01/2018,Indonesia,1,2018-08-01
874,Dorothea,Sansome,dsansomeo9@columbia.edu,Female,0.127.97.88,08/06/2018,Liberia,1,2018-08-06
875,Demeter,Neville,dnevilleoa@washington.edu,Female,130.16.45.124,13/08/2018,Philippines,1,2018-08-13
876,Kathryn,Scampion,kscampionob@sfgate.com,Female,141.173.77.5,29/12/2017,Indonesia,1,2017-12-29
877,Iosep,Salle,isalleoc@microsoft.com,Male,37.126.13.122,05/08/2018,China,1,2018-05-08
878,Blayne,Klouz,bklouzod@opensource.org,Male,85.106.90.161,22/04/2018,Luxembourg,1,2018-04-22
879,Kylen,Tebald,ktebaldoe@ehow.com,Female,166.40.130.156,17/12/2017,United States,1,2017-12-17
880,Emmerich,Anelay,eanelayof@imgur.com,Male,45.251.119.34,29/04/2018,South Africa,1,2018-04-29
881,Pryce,Maass,pmaassog@about.com,Male,103.11.101.190,08/05/2018,Vietnam,1,2018-08-05
882,Gilberta,Virgo,gvirgooh@de.vu,Female,231.179.50.217,13/05/2018,China,1,2018-05-13
883,Joannes,Lennard,jlennardoi@unicef.org,Female,223.55.88.128,20/09/2018,Thailand,1,2018-09-20
884,Nikolia,Noe,nnoeoj@icio.us,Female,70.48.135.88,12/07/2018,Indonesia,1,2018-12-07
885,Frasco,Emmerson,femmersonok@pinterest.com,Male,1.74.3.75,16/12/2017,China,1,2017-12-16
886,Benedick,Mintrim,bmintrimol@google.nl,Male,95.90.112.243,12/10/2017,Ukraine,1,2017-12-10
887,Amberly,Fydoe,afydoeom@java.com,Female,102.21.49.229,23/11/2017,Indonesia,1,2017-11-23
888,Edwina,Crowder,ecrowderon@google.co.uk,Female,138.92.182.48,19/11/2017,France,1,2017-11-19
889,Silas,Hallbird,shallbirdoo@free.fr,Male,171.161.212.117,30/07/2018,China,1,2018-07-30
890,Horacio,Tille,htilleop@sciencedirect.com,Male,127.234.241.54,24/05/2018,Nigeria,1,2018-05-24
891,Cariotta,Howship,chowshipoq@exblog.jp,Female,42.173.198.133,16/05/2018,China,1,2018-05-16
892,Chester,Hartegan,charteganor@over-blog.com,Male,44.196.216.213,14/01/2018,Yemen,1,2018-01-14
893,Benyamin,Poller,bpolleros@aboutads.info,Male,229.54.67.88,04/12/2017,China,1,2017-04-12
894,Trever,Pemble,tpembleot@wikipedia.org,Male,107.222.135.213,29/07/2018,China,1,2018-07-29
895,Kori,Offord,koffordou@webmd.com,Female,223.129.240.139,20/12/2017,Nigeria,1,2017-12-20
896,Hobard,Bulger,hbulgerov@tripod.com,Male,187.183.20.63,15/06/2018,China,1,2018-06-15
897,Jason,Woolward,jwoolwardow@hatena.ne.jp,Male,134.141.236.236,21/05/2018,Czech Republic,1,2018-05-21
898,Merl,Rawe,mraweox@stumbleupon.com,Female,0.58.236.76,19/12/2017,Russia,1,2017-12-19
899,Wrennie,Sidle,wsidleoy@smh.com.au,Female,49.154.156.204,28/08/2018,China,1,2018-08-28
900,Filippo,Dutt,fduttoz@abc.net.au,Male,226.10.89.91,09/10/2017,China,1,2017-09-10
901,Caprice,Campagne,ccampagnep0@newyorker.com,Female,233.181.148.72,03/05/2018,China,1,2018-03-05
902,Winifield,Pighills,wpighillsp1@ted.com,Male,81.115.180.68,20/01/2018,Poland,1,2018-01-20
903,Agnella,Oki,aokip2@patch.com,Female,39.182.210.118,18/01/2018,Colombia,1,2018-01-18
904,Troy,Mateescu,tmateescup3@smh.com.au,Male,46.149.75.105,04/11/2017,Russia,1,2017-04-11
905,Marleah,Stokes,mstokesp4@myspace.com,Female,112.226.38.130,23/12/2017,China,1,2017-12-23
906,Brandea,Bazelle,bbazellep5@earthlink.net,Female,223.166.23.246,21/06/2018,Tajikistan,1,2018-06-21
907,Forrester,Dunn,fdunnp6@businessweek.com,Male,232.26.15.126,10/06/2018,Portugal,1,2018-10-06
908,Trevar,Millions,tmillionsp7@ft.com,Male,152.130.192.199,05/04/2018,China,1,2018-05-04
909,Lovell,Haddleton,lhaddletonp8@bizjournals.com,Male,198.224.52.111,17/01/2018,Poland,1,2018-01-17
910,Briney,Gatley,bgatleyp9@issuu.com,Female,112.2.69.93,13/06/2018,China,1,2018-06-13
911,Archy,Albert,aalbertpa@imageshack.us,Male,148.120.163.128,27/10/2017,Russia,1,2017-10-27
912,Marylinda,Poppleston,mpopplestonpb@reddit.com,Female,226.98.255.129,10/07/2018,Armenia,1,2018-10-07
913,Nadia,Durgan,ndurganpc@unicef.org,Female,165.138.187.218,11/03/2018,China,1,2018-11-03
914,Kendal,Veschambes,kveschambespd@bloglovin.com,Male,38.176.242.105,08/08/2018,China,1,2018-08-08
915,Kandace,Snar,ksnarpe@engadget.com,Female,251.183.145.146,11/03/2018,Yemen,1,2018-11-03
916,Jimmy,Zolini,jzolinipf@washington.edu,Male,149.140.241.230,13/04/2018,Albania,1,2018-04-13
917,Berget,Deering,bdeeringpg@usnews.com,Female,228.238.75.103,16/11/2017,Greece,1,2017-11-16
918,Tan,Balsdone,tbalsdoneph@mapy.cz,Male,63.115.221.47,01/10/2017,Bolivia,1,2017-01-10
919,Quintin,Resdale,qresdalepi@zdnet.com,Male,141.61.192.58,14/08/2018,Philippines,1,2018-08-14
920,Rice,Hamil,rhamilpj@sogou.com,Male,65.215.157.13,13/04/2018,Ecuador,1,2018-04-13
921,Emyle,Casillas,ecasillaspk@sciencedaily.com,Female,171.17.51.47,06/07/2018,China,1,2018-06-07
922,Elianore,Guerreiro,eguerreiropl@godaddy.com,Female,191.236.239.219,18/06/2018,Poland,1,2018-06-18
923,Ginnifer,Sherrington,gsherringtonpm@nifty.com,Female,196.228.148.115,07/10/2017,Indonesia,1,2017-07-10
924,Annmarie,Shakesbye,ashakesbyepn@chron.com,Female,20.139.88.150,11/10/2017,China,1,2017-11-10
925,Marcellus,Peagram,mpeagrampo@barnesandnoble.com,Male,108.146.177.34,25/09/2018,Brazil,1,2018-09-25
926,Doe,De Nisco,ddeniscopp@php.net,Female,32.254.128.203,24/01/2018,China,1,2018-01-24
927,Brad,Crosskell,bcrosskellpq@dot.gov,Male,125.165.127.248,27/09/2018,Bulgaria,1,2018-09-27
928,Ogden,Kloisner,okloisnerpr@symantec.com,Male,86.153.107.105,06/11/2017,Poland,1,2017-06-11
929,Donn,Broadhurst,dbroadhurstps@zimbio.com,Male,186.129.183.159,13/04/2018,France,1,2018-04-13
930,Norine,Davids,ndavidspt@who.int,Female,137.217.193.218,09/11/2017,Canada,1,2017-09-11
931,Val,Creamen,vcreamenpu@auda.org.au,Female,55.192.86.204,09/03/2018,South Korea,1,2018-09-03
932,Purcell,Reddin,preddinpv@spiegel.de,Male,25.58.164.68,20/09/2018,Poland,1,2018-09-20
933,Guilbert,Carren,gcarrenpw@hubpages.com,Male,158.45.201.0,26/03/2018,China,1,2018-03-26
934,Dulcine,McKune,dmckunepx@ucla.edu,Female,73.60.222.132,29/12/2017,China,1,2017-12-29
935,Rebecka,Vedeniktov,rvedeniktovpy@google.com.br,Female,8.12.13.130,17/08/2018,China,1,2018-08-17
936,Dirk,Deegan,ddeeganpz@seattletimes.com,Male,13.84.102.109,19/05/2018,Poland,1,2018-05-19
937,Nerissa,Gillitt,ngillittq0@liveinternet.ru,Female,197.125.185.202,25/09/2018,Mexico,1,2018-09-25
938,Evania,Grieves,egrievesq1@washington.edu,Female,225.225.128.179,17/04/2018,Philippines,1,2018-04-17
939,Ronni,Huddle,rhuddleq2@cisco.com,Female,183.112.81.26,13/02/2018,Indonesia,1,2018-02-13
940,Wilmar,Sydenham,wsydenhamq3@fema.gov,Male,7.34.190.4,13/07/2018,Philippines,1,2018-07-13
941,Afton,Krzyzaniak,akrzyzaniakq4@github.com,Female,71.205.95.186,05/07/2018,Vietnam,1,2018-05-07
942,Garrot,Rohlfs,grohlfsq5@oracle.com,Male,60.251.178.113,08/02/2018,Morocco,1,2018-08-02
943,Verge,Ricardet,vricardetq6@arizona.edu,Male,185.165.3.240,31/10/2017,Philippines,1,2017-10-31
944,Deva,Francie,dfrancieq7@dailymail.co.uk,Female,103.125.98.91,09/06/2018,Ivory Coast,1,2018-09-06
945,Genni,Raynham,graynhamq8@meetup.com,Female,14.98.177.118,22/09/2018,China,1,2018-09-22
946,Etty,Snooks,esnooksq9@edublogs.org,Female,55.155.231.17,27/05/2018,Argentina,1,2018-05-27
947,Kara,Emmatt,kemmattqa@homestead.com,Female,46.112.179.70,30/09/2017,Portugal,1,2017-09-30
948,Darryl,Edwicker,dedwickerqb@craigslist.org,Female,205.8.38.91,26/09/2018,Honduras,1,2018-09-26
949,Kipp,Beecker,kbeeckerqc@cafepress.com,Female,83.178.205.15,11/09/2018,Brazil,1,2018-11-09
950,Trip,Glaisner,tglaisnerqd@wiley.com,Male,12.254.190.86,10/01/2018,Philippines,1,2018-10-01
951,Wainwright,Simonaitis,wsimonaitisqe@nsw.gov.au,Male,3.183.96.229,13/01/2018,Argentina,1,2018-01-13
952,Haleigh,McMakin,hmcmakinqf@amazonaws.com,Female,40.171.50.234,18/07/2018,Argentina,1,2018-07-18
953,Kerry,Camfield,kcamfieldqg@mozilla.org,Female,143.28.198.155,23/03/2018,Argentina,1,2018-03-23
954,Elwood,Maharry,emaharryqh@google.com.au,Male,147.141.74.166,09/10/2017,Indonesia,1,2017-09-10
955,Isidro,Stebbin,istebbinqi@sakura.ne.jp,Male,61.72.107.12,29/10/2017,Indonesia,1,2017-10-29
956,Monti,Soggee,msoggeeqj@istockphoto.com,Male,1.24.201.241,05/01/2018,Indonesia,1,2018-05-01
957,Muire,Giacomoni,mgiacomoniqk@usa.gov,Female,251.144.228.59,07/04/2018,Tunisia,1,2018-07-04
958,Dallis,Silvers,dsilversql@craigslist.org,Male,120.61.101.90,07/07/2018,China,1,2018-07-07
959,Noellyn,Schroter,nschroterqm@wordpress.org,Female,188.51.239.20,20/09/2018,Indonesia,1,2018-09-20
960,Nahum,Toll,ntollqn@wordpress.com,Male,219.58.30.126,25/08/2018,Indonesia,1,2018-08-25
961,Megen,Rusbridge,mrusbridgeqo@icio.us,Female,21.33.7.75,30/10/2017,Brazil,1,2017-10-30
962,Editha,Wagge,ewaggeqp@wired.com,Female,20.184.127.69,02/11/2017,Indonesia,1,2017-02-11
963,Taddeo,Rickett,trickettqq@github.io,Male,183.35.104.146,23/09/2018,Portugal,1,2018-09-23
964,Leighton,Jovicevic,ljovicevicqr@hostgator.com,Male,169.218.189.145,07/12/2017,Brazil,1,2017-07-12
965,Birk,Gwyther,bgwytherqs@rambler.ru,Male,1.22.148.220,12/05/2018,Russia,1,2018-12-05
966,Kenyon,Guslon,kguslonqt@dropbox.com,Male,97.77.43.192,21/06/2018,Indonesia,1,2018-06-21
967,Drugi,Marunchak,dmarunchakqu@apple.com,Male,177.180.148.69,18/04/2018,Russia,1,2018-04-18
968,Joshia,Horribine,jhorribineqv@cdbaby.com,Male,43.177.235.128,23/03/2018,Saudi Arabia,1,2018-03-23
969,Marketa,Fleeman,mfleemanqw@oakley.com,Female,5.13.51.139,29/07/2018,Sweden,1,2018-07-29
970,Lilli,Cahan,lcahanqx@constantcontact.com,Female,245.243.239.63,10/05/2018,Philippines,1,2018-10-05
971,Felice,Bonnick,fbonnickqy@oaic.gov.au,Male,243.158.193.212,09/01/2018,North Korea,1,2018-09-01
972,Morrie,Majury,mmajuryqz@tiny.cc,Male,142.233.49.255,24/05/2018,China,1,2018-05-24
973,Aloysius,Clink,aclinkr0@godaddy.com,Male,151.158.104.115,04/02/2018,Netherlands,1,2018-04-02
974,Waiter,Coke,wcoker1@hubpages.com,Male,169.216.246.66,22/07/2018,Thailand,1,2018-07-22
975,Maxwell,Hucquart,mhucquartr2@4shared.com,Male,130.29.241.84,02/06/2018,Czech Republic,1,2018-02-06
976,Zaccaria,Stevens,zstevensr3@apple.com,Male,172.39.199.50,21/10/2017,Japan,1,2017-10-21
977,Rosanne,Boultwood,rboultwoodr4@mashable.com,Female,93.142.162.234,21/08/2018,Indonesia,1,2018-08-21
978,Kinny,Zupone,kzuponer5@japanpost.jp,Male,213.154.163.85,26/05/2018,Philippines,1,2018-05-26
979,Berri,Lakenden,blakendenr6@eventbrite.com,Female,52.192.230.231,11/01/2018,Canada,1,2018-11-01
980,Humfrid,Pedrocco,hpedroccor7@rakuten.co.jp,Male,18.68.2.22,17/01/2018,Sweden,1,2018-01-17
981,Guido,Cunnane,gcunnaner8@moonfruit.com,Male,14.221.12.181,06/06/2018,Philippines,1,2018-06-06
982,Smith,Birnie,sbirnier9@engadget.com,Male,181.164.45.113,02/07/2018,Thailand,1,2018-02-07
983,Thomasine,Elcomb,telcombra@g.co,Female,75.244.138.123,18/07/2018,Iran,1,2018-07-18
984,Jammal,Adey,jadeyrb@dailymotion.com,Male,177.202.69.231,25/09/2018,China,1,2018-09-25
985,Rosco,De Paoli,rdepaolirc@archive.org,Male,133.99.12.62,29/08/2018,Philippines,1,2018-08-29
986,Ileana,Roony,iroonyrd@vimeo.com,Female,26.76.184.8,16/01/2018,Russia,1,2018-01-16
987,Julio,Kinder,jkinderre@tuttocitta.it,Male,28.18.229.5,08/08/2018,Germany,1,2018-08-08
988,Cahra,Wakefield,cwakefieldrf@nasa.gov,Female,34.36.237.221,15/06/2018,Canada,1,2018-06-15
989,Sophronia,Ortet,sortetrg@intel.com,Female,199.146.26.146,12/06/2018,China,1,2018-12-06
990,Prince,Mocher,pmocherrh@ca.gov,Male,221.122.209.34,28/07/2018,Sri Lanka,1,2018-07-28
991,Sharon,O'Brogane,sobroganeri@hatena.ne.jp,Female,112.141.77.74,14/08/2018,Poland,1,2018-08-14
992,Babb,Ivakin,bivakinrj@soup.io,Female,101.104.220.230,17/02/2018,Greece,1,2018-02-17
993,Levon,MacDunlevy,lmacdunlevyrk@ifeng.com,Male,182.34.237.95,10/12/2017,Poland,1,2017-10-12
994,Garry,Winterbottom,gwinterbottomrl@yahoo.co.jp,Male,193.234.11.101,05/11/2017,China,1,2017-05-11
995,Cristian,Boundley,cboundleyrm@qq.com,Male,158.196.168.176,20/12/2017,Indonesia,1,2017-12-20
996,Ruthann,Ghiriardelli,rghiriardellirn@liveinternet.ru,Female,171.195.155.134,06/01/2018,Ukraine,1,2018-06-01
997,Marsha,Rolance,mrolancero@reference.com,Female,203.21.59.201,15/08/2018,China,1,2018-08-15
998,Harmonia,Eynaud,heynaudrp@networkadvertising.org,Female,97.155.41.195,30/09/2017,Tajikistan,1,2017-09-30
999,Renault,Fanthom,rfanthomrq@unblog.fr,Male,81.46.114.93,03/07/2018,Indonesia,1,2018-03-07
1000,Kaine,Beaby,kbeabyrr@blogspot.com,Male,211.179.85.9,24/11/2017,Chile,1,2017-11-24
